# hostname;interval;timestamp;DEV;tps;rd_sec/s;wr_sec/s;avgrq-sz;avgqu-sz;await;svctm;%util
ip-10-234-134-85.us-west-1.compute.internal;60;1441163445;xvda;1.85;10.27;23.72;18.37;0.00;1.38;0.14;0.03
ip-10-234-134-85.us-west-1.compute.internal;60;1441163445;xvdb;1738.00;31043.47;24930.60;32.21;1.39;0.80;0.15;25.82
ip-10-234-134-85.us-west-1.compute.internal;60;1441163445;xvdc;1733.00;30893.60;24974.73;32.24;1.12;0.65;0.14;24.99
ip-10-234-134-85.us-west-1.compute.internal;60;1441163445;xvdd;1730.83;31391.47;24985.33;32.57;1.27;0.73;0.14;25.08
ip-10-234-134-85.us-west-1.compute.internal;60;1441163445;xvde;1734.25;31080.27;24925.80;32.29;1.31;0.76;0.15;25.49
ip-10-234-134-85.us-west-1.compute.internal;60;1441163445;md0;6916.83;124409.07;99828.47;32.42;0.00;0.00;0.00;0.00
ip-10-234-134-85.us-west-1.compute.internal;60;1441163505;xvda;1.10;0.00;19.95;18.14;0.00;1.14;0.15;0.02
ip-10-234-134-85.us-west-1.compute.internal;60;1441163505;xvdb;2484.50;68430.53;36271.20;42.14;2.20;0.89;0.14;33.87
ip-10-234-134-85.us-west-1.compute.internal;60;1441163505;xvdc;2495.43;69272.40;36260.67;42.29;2.05;0.82;0.13;33.37
ip-10-234-134-85.us-west-1.compute.internal;60;1441163505;xvdd;2477.30;68782.00;36125.53;42.35;1.96;0.79;0.13;33.43
ip-10-234-134-85.us-west-1.compute.internal;60;1441163505;xvde;2477.65;68797.87;36183.73;42.37;2.16;0.87;0.14;33.83
ip-10-234-134-85.us-west-1.compute.internal;60;1441163505;md0;9918.58;275282.80;144829.13;42.36;0.00;0.00;0.00;0.00
ip-10-234-134-85.us-west-1.compute.internal;60;1441163565;xvda;0.62;0.00;14.17;22.97;0.00;0.84;0.19;0.01
ip-10-234-134-85.us-west-1.compute.internal;60;1441163565;xvdb;2964.47;88344.93;43119.00;44.35;3.07;1.04;0.13;37.20
ip-10-234-134-85.us-west-1.compute.internal;60;1441163565;xvdc;2963.40;88219.73;43167.87;44.34;3.06;1.03;0.12;36.49
ip-10-234-134-85.us-west-1.compute.internal;60;1441163565;xvdd;2953.35;87019.07;43171.57;44.08;2.77;0.94;0.12;36.11
ip-10-234-134-85.us-west-1.compute.internal;60;1441163565;xvde;2974.12;88605.73;43189.47;44.31;3.03;1.02;0.12;36.97
ip-10-234-134-85.us-west-1.compute.internal;60;1441163565;md0;11842.43;352189.47;172647.90;44.32;0.00;0.00;0.00;0.00
ip-10-234-134-85.us-west-1.compute.internal;60;1441163625;xvda;1.30;29.87;14.30;33.97;0.00;0.85;0.32;0.04
ip-10-234-134-85.us-west-1.compute.internal;60;1441163625;xvdb;3118.32;83979.20;50988.83;43.28;3.56;1.14;0.11;33.67
ip-10-234-134-85.us-west-1.compute.internal;60;1441163625;xvdc;3126.20;83934.67;51022.00;43.17;3.25;1.04;0.10;32.55
ip-10-234-134-85.us-west-1.compute.internal;60;1441163625;xvdd;3124.67;83855.20;51037.53;43.17;3.32;1.06;0.10;32.65
ip-10-234-134-85.us-west-1.compute.internal;60;1441163625;xvde;3110.02;82722.27;51028.00;43.01;3.53;1.14;0.11;34.79
ip-10-234-134-85.us-west-1.compute.internal;60;1441163625;md0;12463.23;334491.07;204076.37;43.21;0.00;0.00;0.00;0.00
ip-10-234-134-85.us-west-1.compute.internal;60;1441163685;xvda;0.80;0.00;16.60;20.75;0.00;0.77;0.15;0.01
ip-10-234-134-85.us-west-1.compute.internal;60;1441163685;xvdb;2044.53;53026.93;3189.92;27.50;0.61;0.30;0.12;24.34
ip-10-234-134-85.us-west-1.compute.internal;60;1441163685;xvdc;2052.23;52948.80;3092.67;27.31;0.74;0.36;0.12;24.60
ip-10-234-134-85.us-west-1.compute.internal;60;1441163685;xvdd;2051.63;53029.33;3156.03;27.39;0.59;0.29;0.12;24.54
ip-10-234-134-85.us-west-1.compute.internal;60;1441163685;xvde;2044.23;53020.00;3187.07;27.50;0.85;0.41;0.12;24.47
ip-10-234-134-85.us-west-1.compute.internal;60;1441163685;md0;8192.95;212025.33;12625.68;27.42;0.00;0.00;0.00;0.00
ip-10-234-134-85.us-west-1.compute.internal;60;1441163745;xvda;1.28;25.07;17.20;32.94;0.00;1.00;0.23;0.03
ip-10-234-134-85.us-west-1.compute.internal;60;1441163745;xvdb;2036.28;32279.20;319.20;16.01;0.26;0.13;0.11;23.13
ip-10-234-134-85.us-west-1.compute.internal;60;1441163745;xvdc;2029.32;32161.33;307.73;16.00;0.26;0.13;0.11;23.30
ip-10-234-134-85.us-west-1.compute.internal;60;1441163745;xvdd;2031.57;32181.87;330.00;16.00;0.28;0.14;0.11;23.33
ip-10-234-134-85.us-west-1.compute.internal;60;1441163745;xvde;2038.20;32311.73;309.07;16.00;0.25;0.12;0.11;23.21
ip-10-234-134-85.us-west-1.compute.internal;60;1441163745;md0;8135.03;128934.13;1266.00;16.00;0.00;0.00;0.00;0.00
ip-10-234-134-85.us-west-1.compute.internal;60;1441163805;xvda;0.80;0.00;16.03;20.04;0.00;1.00;0.15;0.01
ip-10-234-134-85.us-west-1.compute.internal;60;1441163805;xvdb;2100.07;32267.20;1591.90;16.12;0.41;0.19;0.11;23.03
ip-10-234-134-85.us-west-1.compute.internal;60;1441163805;xvdc;2111.72;32500.80;1531.20;16.12;0.32;0.15;0.11;23.03
ip-10-234-134-85.us-west-1.compute.internal;60;1441163805;xvdd;2102.65;32338.40;1565.65;16.12;0.35;0.17;0.11;23.28
ip-10-234-134-85.us-west-1.compute.internal;60;1441163805;xvde;2115.03;32520.00;1578.93;16.12;0.35;0.17;0.11;23.16
ip-10-234-134-85.us-west-1.compute.internal;60;1441163805;md0;8426.70;129626.40;6267.68;16.13;0.00;0.00;0.00;0.00
ip-10-234-134-85.us-west-1.compute.internal;60;1441163865;xvda;0.58;0.00;13.98;23.97;0.00;0.89;0.17;0.01
ip-10-234-134-85.us-west-1.compute.internal;60;1441163865;xvdb;1957.23;31301.33;13.33;16.00;0.23;0.12;0.12;22.72
ip-10-234-134-85.us-west-1.compute.internal;60;1441163865;xvdc;1960.70;31355.47;14.67;16.00;0.23;0.12;0.12;22.75
ip-10-234-134-85.us-west-1.compute.internal;60;1441163865;xvdd;1971.77;31527.47;21.47;16.00;0.23;0.12;0.12;22.90
ip-10-234-134-85.us-west-1.compute.internal;60;1441163865;xvde;1953.30;31232.00;22.13;16.00;0.23;0.12;0.12;22.68
ip-10-234-134-85.us-west-1.compute.internal;60;1441163865;md0;7842.83;125416.27;71.60;16.00;0.00;0.00;0.00;0.00
ip-10-234-134-85.us-west-1.compute.internal;60;1441163925;xvda;0.50;0.00;13.30;26.60;0.00;0.83;0.17;0.01
ip-10-234-134-85.us-west-1.compute.internal;60;1441163925;xvdb;1990.62;31842.67;7.20;16.00;0.23;0.11;0.11;22.74
ip-10-234-134-85.us-west-1.compute.internal;60;1441163925;xvdc;1997.03;31941.33;30.93;16.01;0.23;0.11;0.11;22.83
ip-10-234-134-85.us-west-1.compute.internal;60;1441163925;xvdd;1994.77;31905.60;17.20;16.00;0.23;0.12;0.12;22.97
ip-10-234-134-85.us-west-1.compute.internal;60;1441163925;xvde;1995.38;31914.93;25.07;16.01;0.23;0.11;0.11;22.60
ip-10-234-134-85.us-west-1.compute.internal;60;1441163925;md0;7977.58;127604.53;80.40;16.01;0.00;0.00;0.00;0.00
ip-10-234-134-85.us-west-1.compute.internal;60;1441163985;xvda;0.55;0.00;13.95;25.36;0.00;0.94;0.18;0.01
ip-10-234-134-85.us-west-1.compute.internal;60;1441163985;xvdb;1905.52;30363.20;147.73;16.01;0.23;0.12;0.12;22.22
ip-10-234-134-85.us-west-1.compute.internal;60;1441163985;xvdc;1903.27;30333.60;135.47;16.01;0.23;0.12;0.12;22.24
ip-10-234-134-85.us-west-1.compute.internal;60;1441163985;xvdd;1900.95;30291.73;142.80;16.01;0.23;0.12;0.12;22.20
ip-10-234-134-85.us-west-1.compute.internal;60;1441163985;xvde;1898.95;30255.20;160.80;16.02;0.23;0.12;0.12;22.19
ip-10-234-134-85.us-west-1.compute.internal;60;1441163985;md0;7608.47;121243.73;586.80;16.01;0.00;0.00;0.00;0.00
ip-10-234-134-85.us-west-1.compute.internal;60;1441164045;xvda;2.18;58.13;18.42;35.06;0.00;0.94;0.43;0.09
ip-10-234-134-85.us-west-1.compute.internal;60;1441164045;xvdb;1867.30;29768.27;259.10;16.08;0.23;0.12;0.12;22.49
ip-10-234-134-85.us-west-1.compute.internal;60;1441164045;xvdc;1864.35;29719.47;243.47;16.07;0.23;0.12;0.12;22.40
ip-10-234-134-85.us-west-1.compute.internal;60;1441164045;xvdd;1864.73;29718.93;253.88;16.07;0.23;0.12;0.12;22.36
ip-10-234-134-85.us-west-1.compute.internal;60;1441164045;xvde;1864.73;29725.33;256.00;16.08;0.23;0.12;0.12;22.22
ip-10-234-134-85.us-west-1.compute.internal;60;1441164045;md0;7457.60;118932.00;1012.45;16.08;0.00;0.00;0.00;0.00
ip-10-234-134-85.us-west-1.compute.internal;60;1441164105;xvda;0.80;0.00;16.57;20.71;0.00;0.85;0.15;0.01
ip-10-234-134-85.us-west-1.compute.internal;60;1441164105;xvdb;2092.40;33475.73;5.33;16.00;0.23;0.11;0.11;23.20
ip-10-234-134-85.us-west-1.compute.internal;60;1441164105;xvdc;2092.37;33476.53;0.00;16.00;0.23;0.11;0.11;23.17
ip-10-234-134-85.us-west-1.compute.internal;60;1441164105;xvdd;2087.67;33399.20;2.27;16.00;0.23;0.11;0.11;23.41
ip-10-234-134-85.us-west-1.compute.internal;60;1441164105;xvde;2087.68;33401.60;0.00;16.00;0.23;0.11;0.11;23.23
ip-10-234-134-85.us-west-1.compute.internal;60;1441164105;md0;8359.78;133753.07;7.60;16.00;0.00;0.00;0.00;0.00
ip-10-234-134-85.us-west-1.compute.internal;60;1441164165;xvda;1.50;47.07;15.35;41.61;0.00;0.93;0.48;0.07
ip-10-234-134-85.us-west-1.compute.internal;60;1441164165;xvdb;1870.07;121377.87;5.87;64.91;2.59;1.38;0.16;29.32
ip-10-234-134-85.us-west-1.compute.internal;60;1441164165;xvdc;1870.75;121385.60;0.00;64.89;2.60;1.39;0.16;29.10
ip-10-234-134-85.us-west-1.compute.internal;60;1441164165;xvdd;1872.75;121314.93;2.00;64.78;2.63;1.41;0.15;28.92
ip-10-234-134-85.us-west-1.compute.internal;60;1441164165;xvde;1869.62;121328.00;0.00;64.89;2.67;1.43;0.16;29.67
ip-10-234-134-85.us-west-1.compute.internal;60;1441164165;md0;7500.07;485757.33;7.87;64.77;0.00;0.00;0.00;0.00
ip-10-234-134-85.us-west-1.compute.internal;60;1441164225;xvda;0.87;1.07;16.73;20.54;0.00;0.90;0.17;0.01
ip-10-234-134-85.us-west-1.compute.internal;60;1441164225;xvdb;290.87;56357.73;278.67;194.72;0.68;2.35;0.38;11.05
ip-10-234-134-85.us-west-1.compute.internal;60;1441164225;xvdc;297.92;56670.27;265.47;191.11;0.68;2.30;0.37;10.97
ip-10-234-134-85.us-west-1.compute.internal;60;1441164225;xvdd;291.57;56371.07;282.67;194.31;0.67;2.29;0.38;11.14
ip-10-234-134-85.us-west-1.compute.internal;60;1441164225;xvde;291.32;56273.33;277.60;194.12;0.72;2.46;0.39;11.28
ip-10-234-134-85.us-west-1.compute.internal;60;1441164225;md0;1178.45;225321.20;1104.40;192.14;0.00;0.00;0.00;0.00
ip-10-234-134-85.us-west-1.compute.internal;60;1441164285;xvda;0.95;3.07;16.25;20.33;0.00;0.77;0.19;0.02
ip-10-234-134-85.us-west-1.compute.internal;60;1441164285;xvdb;532.63;64082.40;23.35;120.36;0.55;1.03;0.21;10.92
ip-10-234-134-85.us-west-1.compute.internal;60;1441164285;xvdc;527.72;64141.60;23.87;121.59;0.56;1.07;0.21;11.12
ip-10-234-134-85.us-west-1.compute.internal;60;1441164285;xvdd;541.42;64120.27;19.35;118.47;0.56;1.03;0.20;11.07
ip-10-234-134-85.us-west-1.compute.internal;60;1441164285;xvde;533.95;64095.60;17.60;120.07;0.55;1.03;0.21;11.05
ip-10-234-134-85.us-west-1.compute.internal;60;1441164285;md0;2143.57;256472.93;84.17;119.69;0.00;0.00;0.00;0.00
ip-10-234-134-85.us-west-1.compute.internal;60;1441164345;xvda;0.85;0.00;17.07;20.08;0.00;0.88;0.14;0.01
ip-10-234-134-85.us-west-1.compute.internal;60;1441164345;xvdb;633.77;149288.00;0.00;235.56;0.81;1.28;0.39;24.93
ip-10-234-134-85.us-west-1.compute.internal;60;1441164345;xvdc;632.00;149254.93;5.33;236.17;0.83;1.32;0.41;25.80
ip-10-234-134-85.us-west-1.compute.internal;60;1441164345;xvdd;622.35;149288.27;2.27;239.88;0.80;1.28;0.40;24.82
ip-10-234-134-85.us-west-1.compute.internal;60;1441164345;xvde;602.82;149333.60;0.00;247.73;0.78;1.30;0.42;25.22
ip-10-234-134-85.us-west-1.compute.internal;60;1441164345;md0;2494.98;597200.00;7.60;239.36;0.00;0.00;0.00;0.00
ip-10-234-134-85.us-west-1.compute.internal;60;1441164405;xvda;0.63;0.00;14.68;23.18;0.00;0.82;0.18;0.01
ip-10-234-134-85.us-west-1.compute.internal;60;1441164405;xvdb;629.57;149125.60;474.13;237.62;0.87;1.38;0.40;25.18
ip-10-234-134-85.us-west-1.compute.internal;60;1441164405;xvdc;642.52;149077.33;467.47;232.75;0.89;1.39;0.39;25.32
ip-10-234-134-85.us-west-1.compute.internal;60;1441164405;xvdd;614.42;149111.47;488.80;243.48;0.83;1.35;0.39;24.09
ip-10-234-134-85.us-west-1.compute.internal;60;1441164405;xvde;643.38;149074.13;472.27;232.44;0.86;1.33;0.39;24.77
ip-10-234-134-85.us-west-1.compute.internal;60;1441164405;md0;2532.62;596320.27;1902.67;236.21;0.00;0.00;0.00;0.00
ip-10-234-134-85.us-west-1.compute.internal;60;1441164465;xvda;0.53;0.00;13.37;25.06;0.00;0.78;0.16;0.01
ip-10-234-134-85.us-west-1.compute.internal;60;1441164465;xvdb;632.78;151401.60;0.80;239.26;0.81;1.28;0.40;25.04
ip-10-234-134-85.us-west-1.compute.internal;60;1441164465;xvdc;624.05;151395.20;0.27;242.60;0.80;1.28;0.40;25.04
ip-10-234-134-85.us-west-1.compute.internal;60;1441164465;xvdd;628.88;151394.67;8.13;240.75;0.79;1.25;0.39;24.59
ip-10-234-134-85.us-west-1.compute.internal;60;1441164465;xvde;640.37;151402.13;0.00;236.43;0.82;1.28;0.40;25.48
ip-10-234-134-85.us-west-1.compute.internal;60;1441164465;md0;2525.80;605593.60;9.20;239.77;0.00;0.00;0.00;0.00
ip-10-234-134-85.us-west-1.compute.internal;60;1441164525;xvda;1.57;46.80;16.72;40.54;0.00;0.69;0.33;0.05
ip-10-234-134-85.us-west-1.compute.internal;60;1441164525;xvdb;616.00;148158.13;0.27;240.52;0.81;1.32;0.41;25.25
ip-10-234-134-85.us-west-1.compute.internal;60;1441164525;xvdc;609.70;148159.73;0.13;243.00;0.78;1.27;0.40;24.57
ip-10-234-134-85.us-west-1.compute.internal;60;1441164525;xvdd;621.00;148149.33;7.60;238.58;0.79;1.27;0.39;24.30
ip-10-234-134-85.us-west-1.compute.internal;60;1441164525;xvde;625.17;148181.07;4.53;237.03;0.82;1.31;0.40;25.20
ip-10-234-134-85.us-west-1.compute.internal;60;1441164525;md0;2471.27;592677.07;12.53;239.83;0.00;0.00;0.00;0.00
ip-10-234-134-85.us-west-1.compute.internal;60;1441164585;xvda;0.68;1.47;14.70;23.66;0.00;0.80;0.20;0.01
ip-10-234-134-85.us-west-1.compute.internal;60;1441164585;xvdb;636.65;151381.33;0.27;237.78;0.80;1.26;0.39;24.71
ip-10-234-134-85.us-west-1.compute.internal;60;1441164585;xvdc;621.60;151391.73;0.00;243.55;0.78;1.26;0.39;24.41
ip-10-234-134-85.us-west-1.compute.internal;60;1441164585;xvdd;633.85;151401.60;2.53;238.86;0.78;1.22;0.38;24.21
ip-10-234-134-85.us-west-1.compute.internal;60;1441164585;xvde;630.68;151393.33;5.60;240.06;0.79;1.25;0.39;24.42
ip-10-234-134-85.us-west-1.compute.internal;60;1441164585;md0;2527.05;605539.20;8.40;239.63;0.00;0.00;0.00;0.00
ip-10-234-134-85.us-west-1.compute.internal;60;1441164645;xvda;0.88;3.47;15.75;21.75;0.00;0.77;0.23;0.02
ip-10-234-134-85.us-west-1.compute.internal;60;1441164645;xvdb;580.23;138324.27;753.87;239.69;0.77;1.33;0.39;22.89
ip-10-234-134-85.us-west-1.compute.internal;60;1441164645;xvdc;587.10;138365.07;754.13;236.96;0.76;1.30;0.39;22.64
ip-10-234-134-85.us-west-1.compute.internal;60;1441164645;xvdd;583.80;138346.67;757.47;238.27;0.76;1.30;0.39;22.68
ip-10-234-134-85.us-west-1.compute.internal;60;1441164645;xvde;572.35;138345.60;753.33;243.03;0.75;1.31;0.40;22.68
ip-10-234-134-85.us-west-1.compute.internal;60;1441164645;md0;2323.33;553381.60;3018.80;239.48;0.00;0.00;0.00;0.00
ip-10-234-134-85.us-west-1.compute.internal;60;1441164705;xvda;1.10;53.07;16.45;63.20;0.00;1.05;0.41;0.04
ip-10-234-134-85.us-west-1.compute.internal;60;1441164705;xvdb;0.13;0.00;3.20;24.00;0.00;0.12;0.12;0.00
ip-10-234-134-85.us-west-1.compute.internal;60;1441164705;xvdc;0.08;0.00;0.00;0.00;0.00;0.40;0.40;0.00
ip-10-234-134-85.us-west-1.compute.internal;60;1441164705;xvdd;0.15;0.00;1.33;8.89;0.00;0.22;0.22;0.00
ip-10-234-134-85.us-west-1.compute.internal;60;1441164705;xvde;0.13;0.00;2.40;18.00;0.00;0.25;0.25;0.00
ip-10-234-134-85.us-west-1.compute.internal;60;1441164705;md0;0.17;0.00;6.93;41.60;0.00;0.00;0.00;0.00
ip-10-234-134-85.us-west-1.compute.internal;60;1441164765;xvda;1.97;54.67;14.78;35.31;0.00;0.93;0.36;0.07
ip-10-234-134-85.us-west-1.compute.internal;60;1441164765;xvdb;2933.63;114219.60;16.53;38.94;1.51;0.52;0.10;29.53
ip-10-234-134-85.us-west-1.compute.internal;60;1441164765;xvdc;2922.68;113103.73;0.53;38.70;1.51;0.52;0.10;29.63
ip-10-234-134-85.us-west-1.compute.internal;60;1441164765;xvdd;2915.75;112801.07;2.93;38.69;1.46;0.50;0.10;28.96
ip-10-234-134-85.us-west-1.compute.internal;60;1441164765;xvde;2948.40;114036.13;1.07;38.68;1.49;0.51;0.10;29.28
ip-10-234-134-85.us-west-1.compute.internal;60;1441164765;md0;11725.75;454160.80;21.07;38.73;0.00;0.00;0.00;0.00
ip-10-234-134-85.us-west-1.compute.internal;60;1441164825;xvda;0.67;0.00;14.83;22.25;0.00;0.88;0.18;0.01
ip-10-234-134-85.us-west-1.compute.internal;60;1441164825;xvdb;3305.50;133020.40;6.40;40.24;1.67;0.51;0.11;37.44
ip-10-234-134-85.us-west-1.compute.internal;60;1441164825;xvdc;3305.68;132494.13;0.00;40.08;1.68;0.51;0.11;37.12
ip-10-234-134-85.us-west-1.compute.internal;60;1441164825;xvdd;3302.42;133812.80;0.93;40.52;1.66;0.50;0.11;37.22
ip-10-234-134-85.us-west-1.compute.internal;60;1441164825;xvde;3285.72;132214.67;0.27;40.24;1.67;0.51;0.11;37.14
ip-10-234-134-85.us-west-1.compute.internal;60;1441164825;md0;13214.42;531542.00;7.60;40.22;0.00;0.00;0.00;0.00
ip-10-234-134-85.us-west-1.compute.internal;60;1441164885;xvda;0.55;0.00;13.55;24.64;0.00;0.76;0.15;0.01
ip-10-234-134-85.us-west-1.compute.internal;60;1441164885;xvdb;2532.70;119808.13;248.00;47.40;1.31;0.52;0.14;35.42
ip-10-234-134-85.us-west-1.compute.internal;60;1441164885;xvdc;2552.12;120087.47;248.93;47.15;1.34;0.53;0.14;35.77
ip-10-234-134-85.us-west-1.compute.internal;60;1441164885;xvdd;2539.27;120011.73;237.87;47.36;1.31;0.52;0.14;35.44
ip-10-234-134-85.us-west-1.compute.internal;60;1441164885;xvde;2548.15;120866.27;261.87;47.54;1.33;0.52;0.14;35.75
ip-10-234-134-85.us-west-1.compute.internal;60;1441164885;md0;10190.57;480773.87;996.67;47.28;0.00;0.00;0.00;0.00
ip-10-234-134-85.us-west-1.compute.internal;60;1441164945;xvda;0.78;0.00;16.08;20.53;0.00;0.91;0.15;0.01
ip-10-234-134-85.us-west-1.compute.internal;60;1441164945;xvdb;2598.35;129792.93;53.07;49.97;1.46;0.56;0.14;37.07
ip-10-234-134-85.us-west-1.compute.internal;60;1441164945;xvdc;2593.65;128458.27;60.00;49.55;1.44;0.56;0.14;36.67
ip-10-234-134-85.us-west-1.compute.internal;60;1441164945;xvdd;2582.70;128056.80;56.80;49.60;1.43;0.55;0.14;36.71
ip-10-234-134-85.us-west-1.compute.internal;60;1441164945;xvde;2595.45;128970.40;57.33;49.71;1.43;0.55;0.14;36.57
ip-10-234-134-85.us-west-1.compute.internal;60;1441164945;md0;10391.43;515281.87;227.20;49.61;0.00;0.00;0.00;0.00
ip-10-234-134-85.us-west-1.compute.internal;60;1441165005;xvda;0.85;0.00;16.07;18.90;0.00;1.04;0.16;0.01
ip-10-234-134-85.us-west-1.compute.internal;60;1441165005;xvdb;2836.72;126230.53;56.80;44.52;1.51;0.53;0.13;36.14
ip-10-234-134-85.us-west-1.compute.internal;60;1441165005;xvdc;2877.75;128125.60;61.60;44.54;1.54;0.54;0.13;36.38
ip-10-234-134-85.us-west-1.compute.internal;60;1441165005;xvdd;2861.50;127749.07;61.20;44.67;1.53;0.53;0.13;36.59
ip-10-234-134-85.us-west-1.compute.internal;60;1441165005;xvde;2863.98;127849.87;62.93;44.66;1.54;0.54;0.13;36.36
ip-10-234-134-85.us-west-1.compute.internal;60;1441165005;md0;11457.78;509960.67;242.53;44.53;0.00;0.00;0.00;0.00
ip-10-234-134-85.us-west-1.compute.internal;60;1441165065;xvda;1.35;19.87;13.38;24.63;0.00;0.83;0.21;0.03
ip-10-234-134-85.us-west-1.compute.internal;60;1441165065;xvdb;2042.63;84892.27;152.27;41.63;0.94;0.46;0.13;26.64
ip-10-234-134-85.us-west-1.compute.internal;60;1441165065;xvdc;2079.73;85655.20;158.13;41.26;0.96;0.46;0.13;27.15
ip-10-234-134-85.us-west-1.compute.internal;60;1441165065;xvdd;2060.87;85273.87;173.47;41.46;0.94;0.45;0.13;26.49
ip-10-234-134-85.us-west-1.compute.internal;60;1441165065;xvde;2018.95;84098.67;161.33;41.73;0.93;0.46;0.13;26.61
ip-10-234-134-85.us-west-1.compute.internal;60;1441165065;md0;8208.38;339910.40;645.20;41.49;0.00;0.00;0.00;0.00
ip-10-234-134-85.us-west-1.compute.internal;60;1441165125;xvda;4.82;137.47;50.55;39.03;0.01;1.12;0.36;0.17
ip-10-234-134-85.us-west-1.compute.internal;60;1441165125;xvdb;587.65;28300.40;78.67;48.29;0.30;0.52;0.12;7.21
ip-10-234-134-85.us-west-1.compute.internal;60;1441165125;xvdc;585.22;27942.67;74.00;47.87;0.30;0.51;0.12;7.19
ip-10-234-134-85.us-west-1.compute.internal;60;1441165125;xvdd;585.87;28340.27;91.07;48.53;0.29;0.50;0.12;7.17
ip-10-234-134-85.us-west-1.compute.internal;60;1441165125;xvde;588.83;28294.40;85.60;48.20;0.29;0.50;0.12;7.28
ip-10-234-134-85.us-west-1.compute.internal;60;1441165125;md0;2347.77;112877.73;329.33;48.22;0.00;0.00;0.00;0.00
ip-10-234-134-85.us-west-1.compute.internal;60;1441165185;xvda;0.50;0.00;13.13;26.27;0.00;0.87;0.20;0.01
ip-10-234-134-85.us-west-1.compute.internal;60;1441165185;xvdb;490.32;15233.87;0.53;31.07;0.19;0.39;0.11;5.22
ip-10-234-134-85.us-west-1.compute.internal;60;1441165185;xvdc;488.07;15290.40;0.00;31.33;0.20;0.41;0.10;5.09
ip-10-234-134-85.us-west-1.compute.internal;60;1441165185;xvdd;480.00;14860.53;2.00;30.96;0.19;0.40;0.11;5.07
ip-10-234-134-85.us-west-1.compute.internal;60;1441165185;xvde;485.95;15171.60;5.87;31.23;0.20;0.41;0.11;5.12
ip-10-234-134-85.us-west-1.compute.internal;60;1441165185;md0;1945.18;60556.40;8.40;31.14;0.00;0.00;0.00;0.00
ip-10-234-134-85.us-west-1.compute.internal;60;1441165245;xvda;1.88;55.73;18.57;39.45;0.00;0.86;0.44;0.08
ip-10-234-134-85.us-west-1.compute.internal;60;1441165245;xvdb;471.32;37438.93;1.07;79.44;0.27;0.57;0.20;9.42
ip-10-234-134-85.us-west-1.compute.internal;60;1441165245;xvdc;470.68;37512.00;0.00;79.70;0.26;0.56;0.20;9.20
ip-10-234-134-85.us-west-1.compute.internal;60;1441165245;xvdd;482.77;37687.87;0.93;78.07;0.27;0.56;0.19;9.16
ip-10-234-134-85.us-west-1.compute.internal;60;1441165245;xvde;487.37;37531.33;5.33;77.02;0.28;0.58;0.19;9.47
ip-10-234-134-85.us-west-1.compute.internal;60;1441165245;md0;1912.43;150170.13;7.33;78.53;0.00;0.00;0.00;0.00
ip-10-234-134-85.us-west-1.compute.internal;60;1441165305;xvda;0.85;0.00;17.10;20.12;0.00;0.86;0.16;0.01
ip-10-234-134-85.us-west-1.compute.internal;60;1441165305;xvdb;251.42;6232.93;0.00;24.79;0.08;0.34;0.10;2.41
ip-10-234-134-85.us-west-1.compute.internal;60;1441165305;xvdc;250.47;6152.00;0.00;24.56;0.09;0.34;0.09;2.36
ip-10-234-134-85.us-west-1.compute.internal;60;1441165305;xvdd;255.42;6333.73;0.67;24.80;0.09;0.34;0.09;2.38
ip-10-234-134-85.us-west-1.compute.internal;60;1441165305;xvde;257.18;6301.87;5.33;24.52;0.09;0.36;0.10;2.53
ip-10-234-134-85.us-west-1.compute.internal;60;1441165305;md0;1014.47;25020.53;6.00;24.67;0.00;0.00;0.00;0.00
ip-10-234-134-85.us-west-1.compute.internal;60;1441165365;xvda;0.47;0.00;13.00;27.86;0.00;0.68;0.18;0.01
ip-10-234-134-85.us-west-1.compute.internal;60;1441165365;xvdb;285.58;7122.40;4.27;24.95;0.10;0.35;0.09;2.67
ip-10-234-134-85.us-west-1.compute.internal;60;1441165365;xvdc;296.15;7323.07;0.00;24.73;0.10;0.34;0.09;2.73
ip-10-234-134-85.us-west-1.compute.internal;60;1441165365;xvdd;287.17;7108.00;0.67;24.75;0.10;0.34;0.09;2.65
ip-10-234-134-85.us-west-1.compute.internal;60;1441165365;xvde;291.32;7231.87;1.07;24.83;0.10;0.36;0.09;2.75
ip-10-234-134-85.us-west-1.compute.internal;60;1441165365;md0;1160.15;28785.87;6.00;24.82;0.00;0.00;0.00;0.00
ip-10-234-134-85.us-west-1.compute.internal;60;1441165425;xvda;0.45;0.00;12.62;28.04;0.00;0.67;0.19;0.01
ip-10-234-134-85.us-west-1.compute.internal;60;1441165425;xvdb;492.48;13825.20;11.47;28.10;0.22;0.45;0.08;4.10
ip-10-234-134-85.us-west-1.compute.internal;60;1441165425;xvdc;491.98;13823.07;6.40;28.11;0.23;0.46;0.08;4.14
ip-10-234-134-85.us-west-1.compute.internal;60;1441165425;xvdd;497.65;13993.07;6.93;28.13;0.22;0.45;0.08;4.05
ip-10-234-134-85.us-west-1.compute.internal;60;1441165425;xvde;500.90;13953.20;5.60;27.87;0.23;0.46;0.08;4.24
ip-10-234-134-85.us-west-1.compute.internal;60;1441165425;md0;1984.07;55594.00;30.40;28.04;0.00;0.00;0.00;0.00
ip-10-234-134-85.us-west-1.compute.internal;60;1441165485;xvda;0.67;1.73;13.33;22.60;0.00;0.80;0.20;0.01
ip-10-234-134-85.us-west-1.compute.internal;60;1441165485;xvdb;738.55;33327.07;48.80;45.19;0.50;0.67;0.10;7.35
ip-10-234-134-85.us-west-1.compute.internal;60;1441165485;xvdc;734.38;33425.33;30.80;45.56;0.49;0.66;0.10;7.27
ip-10-234-134-85.us-west-1.compute.internal;60;1441165485;xvdd;733.15;33623.07;30.67;45.90;0.48;0.65;0.10;7.07
ip-10-234-134-85.us-west-1.compute.internal;60;1441165485;xvde;736.67;33267.87;31.20;45.20;0.50;0.68;0.10;7.50
ip-10-234-134-85.us-west-1.compute.internal;60;1441165485;md0;2949.38;133643.33;141.47;45.36;0.00;0.00;0.00;0.00
ip-10-234-134-85.us-west-1.compute.internal;60;1441165545;xvda;0.48;0.00;13.72;28.38;0.00;0.79;0.31;0.01
ip-10-234-134-85.us-west-1.compute.internal;60;1441165545;xvdb;707.98;61699.60;0.27;87.15;0.67;0.95;0.15;10.73
ip-10-234-134-85.us-west-1.compute.internal;60;1441165545;xvdc;708.85;61725.33;5.33;87.09;0.68;0.96;0.15;10.79
ip-10-234-134-85.us-west-1.compute.internal;60;1441165545;xvdd;710.98;61879.47;0.93;87.03;0.66;0.93;0.15;10.58
ip-10-234-134-85.us-west-1.compute.internal;60;1441165545;xvde;705.87;61616.53;0.27;87.29;0.67;0.95;0.15;10.64
ip-10-234-134-85.us-west-1.compute.internal;60;1441165545;md0;2854.37;246920.93;6.80;86.51;0.00;0.00;0.00;0.00
ip-10-234-134-85.us-west-1.compute.internal;60;1441165605;xvda;0.73;0.00;15.73;21.45;0.00;0.91;0.20;0.01
ip-10-234-134-85.us-west-1.compute.internal;60;1441165605;xvdb;503.28;70972.13;0.00;141.02;0.55;1.10;0.25;12.55
ip-10-234-134-85.us-west-1.compute.internal;60;1441165605;xvdc;506.13;70791.33;5.33;139.88;0.54;1.08;0.24;12.32
ip-10-234-134-85.us-west-1.compute.internal;60;1441165605;xvdd;505.93;70854.67;0.67;140.05;0.54;1.07;0.24;12.38
ip-10-234-134-85.us-west-1.compute.internal;60;1441165605;xvde;505.63;70728.53;0.00;139.88;0.55;1.08;0.24;12.36
ip-10-234-134-85.us-west-1.compute.internal;60;1441165605;md0;2040.78;283346.67;6.00;138.85;0.00;0.00;0.00;0.00
ip-10-234-134-85.us-west-1.compute.internal;60;1441165665;xvda;0.52;0.00;13.07;25.29;0.00;0.87;0.26;0.01
ip-10-234-134-85.us-west-1.compute.internal;60;1441165665;xvdb;239.02;10382.00;0.00;43.44;0.08;0.34;0.24;5.64
ip-10-234-134-85.us-west-1.compute.internal;60;1441165665;xvdc;236.03;10182.27;5.33;43.16;0.08;0.34;0.24;5.63
ip-10-234-134-85.us-west-1.compute.internal;60;1441165665;xvdd;238.33;10219.07;0.67;42.88;0.08;0.34;0.24;5.63
ip-10-234-134-85.us-west-1.compute.internal;60;1441165665;xvde;238.52;10042.13;0.00;42.10;0.08;0.35;0.24;5.84
ip-10-234-134-85.us-west-1.compute.internal;60;1441165665;md0;951.95;40825.47;6.00;42.89;0.00;0.00;0.00;0.00
ip-10-234-134-85.us-west-1.compute.internal;60;1441165725;xvda;0.40;0.00;12.33;30.83;0.00;0.83;0.25;0.01
ip-10-234-134-85.us-west-1.compute.internal;60;1441165725;xvdb;0.08;0.00;0.00;0.00;0.00;0.00;0.00;0.00
ip-10-234-134-85.us-west-1.compute.internal;60;1441165725;xvdc;0.10;0.00;1.07;10.67;0.00;0.00;0.00;0.00
ip-10-234-134-85.us-west-1.compute.internal;60;1441165725;xvdd;0.20;0.00;4.93;24.67;0.00;0.00;0.00;0.00
ip-10-234-134-85.us-west-1.compute.internal;60;1441165725;xvde;0.08;0.00;0.00;0.00;0.00;0.00;0.00;0.00
ip-10-234-134-85.us-west-1.compute.internal;60;1441165725;md0;0.13;0.00;6.00;45.00;0.00;0.00;0.00;0.00
ip-10-234-134-85.us-west-1.compute.internal;60;1441165785;xvda;0.53;1.87;12.05;26.09;0.00;0.62;0.19;0.01
ip-10-234-134-85.us-west-1.compute.internal;60;1441165785;xvdb;697.18;165307.73;5.87;237.12;0.85;1.22;0.39;26.97
ip-10-234-134-85.us-west-1.compute.internal;60;1441165785;xvdc;690.35;165324.53;17.07;239.50;0.84;1.22;0.39;26.74
ip-10-234-134-85.us-west-1.compute.internal;60;1441165785;xvdd;661.30;165355.73;10.27;250.06;0.80;1.21;0.40;26.26
ip-10-234-134-85.us-west-1.compute.internal;60;1441165785;xvde;697.15;165307.73;0.00;237.12;0.85;1.21;0.38;26.61
ip-10-234-134-85.us-west-1.compute.internal;60;1441165785;md0;2745.60;661295.73;33.20;240.87;0.00;0.00;0.00;0.00
ip-10-234-134-85.us-west-1.compute.internal;60;1441165845;xvda;3.38;98.53;12.78;32.90;0.00;1.09;0.36;0.12
ip-10-234-134-85.us-west-1.compute.internal;60;1441165845;xvdb;1527.52;276522.80;342.13;181.25;1.82;1.19;0.29;44.49
ip-10-234-134-85.us-west-1.compute.internal;60;1441165845;xvdc;1543.25;276338.00;345.07;179.29;1.81;1.17;0.29;44.26
ip-10-234-134-85.us-west-1.compute.internal;60;1441165845;xvdd;1504.87;276252.53;357.47;183.81;1.78;1.18;0.29;44.23
ip-10-234-134-85.us-west-1.compute.internal;60;1441165845;xvde;1520.67;276263.73;354.67;181.91;1.80;1.19;0.29;44.14
ip-10-234-134-85.us-west-1.compute.internal;60;1441165845;md0;6115.38;1105377.07;1399.33;180.98;0.00;0.00;0.00;0.00
ip-10-234-134-85.us-west-1.compute.internal;60;1441165905;xvda;0.72;0.00;15.98;22.30;0.00;0.88;0.21;0.01
ip-10-234-134-85.us-west-1.compute.internal;60;1441165905;xvdb;2804.55;146789.33;337.07;52.46;2.19;0.78;0.10;28.04
ip-10-234-134-85.us-west-1.compute.internal;60;1441165905;xvdc;2792.82;147253.07;302.67;52.83;2.26;0.81;0.10;28.28
ip-10-234-134-85.us-west-1.compute.internal;60;1441165905;xvdd;2797.75;147158.27;293.73;52.70;2.19;0.78;0.10;27.71
ip-10-234-134-85.us-west-1.compute.internal;60;1441165905;xvde;2814.77;147002.40;313.60;52.34;2.19;0.78;0.10;28.04
ip-10-234-134-85.us-west-1.compute.internal;60;1441165905;md0;11228.12;588203.07;1247.07;52.50;0.00;0.00;0.00;0.00
ip-10-234-134-85.us-west-1.compute.internal;60;1441165965;xvda;0.40;0.00;12.33;30.83;0.00;1.17;0.29;0.01
ip-10-234-134-85.us-west-1.compute.internal;60;1441165965;xvdb;1167.23;57735.60;0.00;49.46;0.56;0.48;0.15;17.82
ip-10-234-134-85.us-west-1.compute.internal;60;1441165965;xvdc;1178.38;58208.67;0.00;49.40;0.57;0.48;0.15;18.03
ip-10-234-134-85.us-west-1.compute.internal;60;1441165965;xvdd;1168.62;57790.53;0.67;49.45;0.56;0.48;0.15;17.80
ip-10-234-134-85.us-west-1.compute.internal;60;1441165965;xvde;1160.48;57969.07;5.33;49.96;0.56;0.48;0.15;17.79
ip-10-234-134-85.us-west-1.compute.internal;60;1441165965;md0;4676.95;231704.67;6.00;49.54;0.00;0.00;0.00;0.00
ip-10-234-134-85.us-west-1.compute.internal;60;1441166025;xvda;4.70;161.33;35.45;41.87;0.00;0.95;0.34;0.16
ip-10-234-134-85.us-west-1.compute.internal;60;1441166025;xvdb;1291.68;119743.33;0.27;92.70;0.81;0.63;0.18;23.62
ip-10-234-134-85.us-west-1.compute.internal;60;1441166025;xvdc;1284.97;119922.80;0.13;93.33;0.79;0.61;0.18;23.21
ip-10-234-134-85.us-west-1.compute.internal;60;1441166025;xvdd;1302.42;119761.47;1.73;91.95;0.79;0.61;0.18;22.87
ip-10-234-134-85.us-west-1.compute.internal;60;1441166025;xvde;1304.03;120075.07;8.80;92.09;0.80;0.62;0.18;23.31
ip-10-234-134-85.us-west-1.compute.internal;60;1441166025;md0;5205.82;479502.13;10.93;92.11;0.00;0.00;0.00;0.00
ip-10-234-134-85.us-west-1.compute.internal;60;1441166085;xvda;0.65;0.00;15.48;23.82;0.00;0.90;0.18;0.01
ip-10-234-134-85.us-west-1.compute.internal;60;1441166085;xvdb;2746.13;43934.93;5.87;16.00;0.23;0.08;0.08;22.95
ip-10-234-134-85.us-west-1.compute.internal;60;1441166085;xvdc;2746.75;43946.67;0.00;16.00;0.23;0.08;0.08;22.89
ip-10-234-134-85.us-west-1.compute.internal;60;1441166085;xvdd;2745.75;43929.60;0.93;16.00;0.23;0.08;0.08;22.98
ip-10-234-134-85.us-west-1.compute.internal;60;1441166085;xvde;2745.70;43929.60;0.27;16.00;0.23;0.08;0.08;22.89
ip-10-234-134-85.us-west-1.compute.internal;60;1441166085;md0;10984.00;175740.80;7.07;16.00;0.00;0.00;0.00;0.00
ip-10-234-134-85.us-west-1.compute.internal;60;1441166145;xvda;0.40;0.00;12.18;30.46;0.00;0.88;0.21;0.01
ip-10-234-134-85.us-west-1.compute.internal;60;1441166145;xvdb;2596.43;41540.27;5.33;16.00;0.23;0.09;0.09;22.92
ip-10-234-134-85.us-west-1.compute.internal;60;1441166145;xvdc;2597.05;41551.47;0.00;16.00;0.23;0.09;0.09;23.03
ip-10-234-134-85.us-west-1.compute.internal;60;1441166145;xvdd;2596.40;41540.27;0.67;16.00;0.23;0.09;0.09;23.04
ip-10-234-134-85.us-west-1.compute.internal;60;1441166145;xvde;2596.35;41540.27;0.00;16.00;0.23;0.09;0.09;22.89
ip-10-234-134-85.us-west-1.compute.internal;60;1441166145;md0;10385.90;166172.27;6.00;16.00;0.00;0.00;0.00;0.00
ip-10-234-134-85.us-west-1.compute.internal;60;1441166205;xvda;3.43;195.60;18.83;62.46;0.00;1.09;0.55;0.19
ip-10-234-134-85.us-west-1.compute.internal;60;1441166205;xvdb;2785.23;44561.07;5.33;16.00;0.23;0.08;0.08;22.86
ip-10-234-134-85.us-west-1.compute.internal;60;1441166205;xvdc;2786.43;44581.60;0.00;16.00;0.23;0.08;0.08;22.91
ip-10-234-134-85.us-west-1.compute.internal;60;1441166205;xvdd;2787.33;44595.20;0.67;16.00;0.23;0.08;0.08;22.85
ip-10-234-134-85.us-west-1.compute.internal;60;1441166205;xvde;2786.22;44578.13;0.00;16.00;0.23;0.08;0.08;22.74
ip-10-234-134-85.us-west-1.compute.internal;60;1441166205;md0;11144.88;178316.00;6.00;16.00;0.00;0.00;0.00;0.00
ip-10-234-134-85.us-west-1.compute.internal;60;1441166265;xvda;0.53;0.00;13.33;25.00;0.00;0.81;0.16;0.01
ip-10-234-134-85.us-west-1.compute.internal;60;1441166265;xvdb;3234.00;82986.13;1.07;25.66;0.86;0.27;0.09;30.43
ip-10-234-134-85.us-west-1.compute.internal;60;1441166265;xvdc;3240.77;83578.13;4.27;25.79;0.85;0.26;0.09;30.03
ip-10-234-134-85.us-west-1.compute.internal;60;1441166265;xvdd;3242.03;83310.80;0.67;25.70;0.84;0.26;0.09;30.23
ip-10-234-134-85.us-west-1.compute.internal;60;1441166265;xvde;3234.08;82766.93;0.00;25.59;0.84;0.26;0.09;29.88
ip-10-234-134-85.us-west-1.compute.internal;60;1441166265;md0;12952.43;332642.00;6.00;25.68;0.00;0.00;0.00;0.00
ip-10-234-134-85.us-west-1.compute.internal;60;1441166325;xvda;0.47;0.00;12.22;26.18;0.00;0.82;0.18;0.01
ip-10-234-134-85.us-west-1.compute.internal;60;1441166325;xvdb;3378.37;122624.27;0.00;36.30;1.56;0.46;0.12;39.31
ip-10-234-134-85.us-west-1.compute.internal;60;1441166325;xvdc;3382.37;122930.53;5.33;36.35;1.57;0.46;0.12;39.22
ip-10-234-134-85.us-west-1.compute.internal;60;1441166325;xvdd;3389.48;122773.47;0.67;36.22;1.57;0.46;0.12;39.17
ip-10-234-134-85.us-west-1.compute.internal;60;1441166325;xvde;3394.82;123232.13;0.00;36.30;1.57;0.46;0.12;39.37
ip-10-234-134-85.us-west-1.compute.internal;60;1441166325;md0;13556.05;491566.80;6.00;36.26;0.00;0.00;0.00;0.00
ip-10-234-134-85.us-west-1.compute.internal;60;1441166385;xvda;0.47;0.00;12.77;27.36;0.00;0.79;0.14;0.01
ip-10-234-134-85.us-west-1.compute.internal;60;1441166385;xvdb;3722.43;127180.67;44.00;34.18;1.66;0.45;0.11;40.23
ip-10-234-134-85.us-west-1.compute.internal;60;1441166385;xvdc;3698.42;126310.67;54.93;34.17;1.67;0.45;0.11;40.30
ip-10-234-134-85.us-west-1.compute.internal;60;1441166385;xvdd;3705.53;127427.87;41.47;34.40;1.67;0.45;0.11;40.46
ip-10-234-134-85.us-west-1.compute.internal;60;1441166385;xvde;3719.57;127533.87;46.40;34.30;1.66;0.45;0.11;40.08
ip-10-234-134-85.us-west-1.compute.internal;60;1441166385;md0;14855.10;508447.20;186.80;34.24;0.00;0.00;0.00;0.00
ip-10-234-134-85.us-west-1.compute.internal;60;1441166445;xvda;0.80;5.87;14.37;25.29;0.00;0.81;0.29;0.02
ip-10-234-134-85.us-west-1.compute.internal;60;1441166445;xvdb;2086.33;64608.00;109.07;31.02;0.88;0.42;0.11;23.96
ip-10-234-134-85.us-west-1.compute.internal;60;1441166445;xvdc;2078.82;64428.93;119.20;31.05;0.87;0.42;0.12;23.91
ip-10-234-134-85.us-west-1.compute.internal;60;1441166445;xvdd;2076.22;63634.80;118.00;30.71;0.86;0.42;0.11;23.51
ip-10-234-134-85.us-west-1.compute.internal;60;1441166445;xvde;2075.15;64195.47;124.80;31.00;0.87;0.42;0.11;23.82
ip-10-234-134-85.us-west-1.compute.internal;60;1441166445;md0;8320.35;256866.40;471.07;30.93;0.00;0.00;0.00;0.00
ip-10-234-134-85.us-west-1.compute.internal;60;1441166505;xvda;1.62;21.60;21.87;26.89;0.00;1.12;0.30;0.05
ip-10-234-134-85.us-west-1.compute.internal;60;1441166505;xvdb;2.27;0.00;34.93;15.41;0.00;0.38;0.04;0.01
ip-10-234-134-85.us-west-1.compute.internal;60;1441166505;xvdc;2.20;0.00;34.13;15.52;0.00;0.37;0.04;0.01
ip-10-234-134-85.us-west-1.compute.internal;60;1441166505;xvdd;2.33;0.00;39.87;17.09;0.00;0.34;0.04;0.01
ip-10-234-134-85.us-west-1.compute.internal;60;1441166505;xvde;2.18;0.00;33.60;15.39;0.00;0.35;0.02;0.01
ip-10-234-134-85.us-west-1.compute.internal;60;1441166505;md0;8.65;0.00;142.53;16.48;0.00;0.00;0.00;0.00
ip-10-234-134-85.us-west-1.compute.internal;60;1441166565;xvda;0.42;0.00;12.83;30.80;0.00;0.84;0.20;0.01
ip-10-234-134-85.us-west-1.compute.internal;60;1441166565;xvdb;0.17;0.00;1.33;8.00;0.00;0.00;0.00;0.00
ip-10-234-134-85.us-west-1.compute.internal;60;1441166565;xvdc;0.17;0.00;1.33;8.00;0.00;0.00;0.00;0.00
ip-10-234-134-85.us-west-1.compute.internal;60;1441166565;xvdd;0.32;0.00;7.73;24.42;0.00;0.05;0.05;0.00
ip-10-234-134-85.us-west-1.compute.internal;60;1441166565;xvde;0.25;0.00;2.67;10.67;0.00;0.00;0.00;0.00
ip-10-234-134-85.us-west-1.compute.internal;60;1441166565;md0;0.57;0.00;13.07;23.06;0.00;0.00;0.00;0.00
ip-10-234-134-85.us-west-1.compute.internal;60;1441166625;xvda;0.38;0.00;11.50;30.00;0.00;0.78;0.17;0.01
ip-10-234-134-85.us-west-1.compute.internal;60;1441166625;xvdb;0.10;0.00;0.00;0.00;0.00;0.33;0.33;0.00
ip-10-234-134-85.us-west-1.compute.internal;60;1441166625;xvdc;0.10;0.00;0.00;0.00;0.00;0.33;0.33;0.00
ip-10-234-134-85.us-west-1.compute.internal;60;1441166625;xvdd;0.20;0.00;3.87;19.33;0.00;0.17;0.17;0.00
ip-10-234-134-85.us-west-1.compute.internal;60;1441166625;xvde;0.17;0.00;3.47;20.80;0.00;0.10;0.10;0.00
ip-10-234-134-85.us-west-1.compute.internal;60;1441166625;md0;0.18;0.00;7.33;40.00;0.00;0.00;0.00;0.00
ip-10-234-134-85.us-west-1.compute.internal;60;1441166685;xvda;0.63;0.13;13.33;21.26;0.00;0.87;0.21;0.01
ip-10-234-134-85.us-west-1.compute.internal;60;1441166685;xvdb;6.03;802.40;44.00;140.29;0.01;0.83;0.22;0.13
ip-10-234-134-85.us-west-1.compute.internal;60;1441166685;xvdc;6.18;802.13;47.47;137.40;0.00;0.77;0.21;0.13
ip-10-234-134-85.us-west-1.compute.internal;60;1441166685;xvdd;6.45;799.20;38.27;129.84;0.01;0.86;0.22;0.14
ip-10-234-134-85.us-west-1.compute.internal;60;1441166685;xvde;6.10;802.40;49.07;139.58;0.01;0.92;0.25;0.15
ip-10-234-134-85.us-west-1.compute.internal;60;1441166685;md0;24.33;3206.13;178.80;139.11;0.00;0.00;0.00;0.00
ip-10-234-134-85.us-west-1.compute.internal;60;1441166745;xvda;0.47;0.00;13.18;28.25;0.00;0.79;0.21;0.01
ip-10-234-134-85.us-west-1.compute.internal;60;1441166745;xvdb;151.03;4695.73;22.93;31.24;0.06;0.39;0.11;1.71
ip-10-234-134-85.us-west-1.compute.internal;60;1441166745;xvdc;151.18;4755.60;18.00;31.57;0.06;0.39;0.11;1.70
ip-10-234-134-85.us-west-1.compute.internal;60;1441166745;xvdd;149.92;4736.53;27.07;31.77;0.06;0.39;0.12;1.73
ip-10-234-134-85.us-west-1.compute.internal;60;1441166745;xvde;144.67;4539.33;27.47;31.57;0.06;0.41;0.13;1.85
ip-10-234-134-85.us-west-1.compute.internal;60;1441166745;md0;595.43;18727.20;95.47;31.61;0.00;0.00;0.00;0.00
ip-10-234-134-85.us-west-1.compute.internal;60;1441166805;xvda;0.63;0.00;14.60;23.05;0.00;0.92;0.18;0.01
ip-10-234-134-85.us-west-1.compute.internal;60;1441166805;xvdb;487.22;15179.87;4.27;31.17;0.21;0.44;0.09;4.58
ip-10-234-134-85.us-west-1.compute.internal;60;1441166805;xvdc;494.40;15587.73;0.00;31.53;0.21;0.43;0.09;4.56
ip-10-234-134-85.us-west-1.compute.internal;60;1441166805;xvdd;478.63;15147.33;0.67;31.65;0.20;0.43;0.09;4.47
ip-10-234-134-85.us-west-1.compute.internal;60;1441166805;xvde;481.27;15317.87;1.07;31.83;0.21;0.44;0.10;4.76
ip-10-234-134-85.us-west-1.compute.internal;60;1441166805;md0;1942.83;61232.80;6.00;31.52;0.00;0.00;0.00;0.00
ip-10-234-134-85.us-west-1.compute.internal;60;1441166865;xvda;0.85;36.27;12.02;56.80;0.00;0.84;0.39;0.03
ip-10-234-134-85.us-west-1.compute.internal;60;1441166865;xvdb;1106.78;43660.40;5.33;39.45;0.73;0.66;0.09;10.48
ip-10-234-134-85.us-west-1.compute.internal;60;1441166865;xvdc;1118.08;43917.60;0.00;39.28;0.74;0.66;0.09;10.43
ip-10-234-134-85.us-west-1.compute.internal;60;1441166865;xvdd;1115.67;43727.60;1.20;39.20;0.73;0.65;0.09;10.36
ip-10-234-134-85.us-west-1.compute.internal;60;1441166865;xvde;1109.98;43622.93;0.00;39.30;0.74;0.67;0.10;10.70
ip-10-234-134-85.us-west-1.compute.internal;60;1441166865;md0;4461.65;174928.53;6.53;39.21;0.00;0.00;0.00;0.00
ip-10-234-134-85.us-west-1.compute.internal;60;1441166925;xvda;0.72;0.80;14.83;21.81;0.00;0.81;0.19;0.01
ip-10-234-134-85.us-west-1.compute.internal;60;1441166925;xvdb;1915.48;107101.07;7.73;55.92;0.57;0.30;0.14;26.56
ip-10-234-134-85.us-west-1.compute.internal;60;1441166925;xvdc;1874.40;107123.07;1.20;57.15;0.53;0.28;0.14;26.04
ip-10-234-134-85.us-west-1.compute.internal;60;1441166925;xvdd;1890.50;107084.40;1.73;56.64;0.54;0.29;0.14;26.18
ip-10-234-134-85.us-west-1.compute.internal;60;1441166925;xvde;1889.18;107084.80;0.27;56.68;0.54;0.29;0.14;26.39
ip-10-234-134-85.us-west-1.compute.internal;60;1441166925;md0;7569.68;428393.33;10.93;56.59;0.00;0.00;0.00;0.00
ip-10-234-134-85.us-west-1.compute.internal;60;1441166985;xvda;1.03;14.53;13.78;27.40;0.00;0.69;0.26;0.03
ip-10-234-134-85.us-west-1.compute.internal;60;1441166985;xvdb;1354.00;91993.73;0.53;67.94;0.93;0.69;0.13;17.53
ip-10-234-134-85.us-west-1.compute.internal;60;1441166985;xvdc;1370.53;92387.73;5.33;67.41;0.97;0.71;0.13;17.73
ip-10-234-134-85.us-west-1.compute.internal;60;1441166985;xvdd;1385.40;92669.07;1.47;66.89;0.97;0.70;0.13;17.57
ip-10-234-134-85.us-west-1.compute.internal;60;1441166985;xvde;1357.72;92528.27;0.27;68.15;0.93;0.68;0.13;17.41
ip-10-234-134-85.us-west-1.compute.internal;60;1441166985;md0;5483.00;369578.80;7.60;67.41;0.00;0.00;0.00;0.00
ip-10-234-134-85.us-west-1.compute.internal;60;1441167045;xvda;1.98;54.67;73.93;64.84;0.00;1.43;0.39;0.08
ip-10-234-134-85.us-west-1.compute.internal;60;1441167045;xvdb;4547.02;222166.13;0.53;48.86;3.43;0.75;0.09;42.55
ip-10-234-134-85.us-west-1.compute.internal;60;1441167045;xvdc;4545.82;222045.47;5.33;48.85;3.47;0.76;0.09;42.92
ip-10-234-134-85.us-west-1.compute.internal;60;1441167045;xvdd;4546.90;222422.00;0.93;48.92;3.44;0.76;0.09;42.53
ip-10-234-134-85.us-west-1.compute.internal;60;1441167045;xvde;4557.82;221899.73;0.00;48.69;3.42;0.75;0.09;42.41
ip-10-234-134-85.us-west-1.compute.internal;60;1441167045;md0;18244.20;888533.60;6.80;48.70;0.00;0.00;0.00;0.00
ip-10-234-134-85.us-west-1.compute.internal;60;1441167105;xvda;0.88;2.40;15.95;20.77;0.00;0.92;0.19;0.02
ip-10-234-134-85.us-west-1.compute.internal;60;1441167105;xvdb;2707.23;163950.93;0.00;60.56;1.59;0.59;0.14;36.98
ip-10-234-134-85.us-west-1.compute.internal;60;1441167105;xvdc;2691.52;163739.87;5.33;60.84;1.59;0.59;0.14;36.85
ip-10-234-134-85.us-west-1.compute.internal;60;1441167105;xvdd;2701.70;163818.93;1.20;60.64;1.55;0.57;0.14;36.49
ip-10-234-134-85.us-west-1.compute.internal;60;1441167105;xvde;2693.38;163949.47;0.00;60.87;1.56;0.58;0.14;36.59
ip-10-234-134-85.us-west-1.compute.internal;60;1441167105;md0;10803.92;655462.67;6.53;60.67;0.00;0.00;0.00;0.00
ip-10-234-134-85.us-west-1.compute.internal;60;1441167165;xvda;2.00;33.47;90.98;62.23;0.00;1.51;0.27;0.05
ip-10-234-134-85.us-west-1.compute.internal;60;1441167165;xvdb;559.67;19118.67;0.53;34.16;0.18;0.32;0.21;11.64
ip-10-234-134-85.us-west-1.compute.internal;60;1441167165;xvdc;564.37;19274.27;0.00;34.15;0.18;0.32;0.21;11.60
ip-10-234-134-85.us-west-1.compute.internal;60;1441167165;xvdd;562.08;19256.00;10.53;34.28;0.18;0.31;0.20;11.35
ip-10-234-134-85.us-west-1.compute.internal;60;1441167165;xvde;567.60;19043.47;0.00;33.55;0.18;0.32;0.20;11.59
ip-10-234-134-85.us-west-1.compute.internal;60;1441167165;md0;2253.47;76688.93;11.07;34.04;0.00;0.00;0.00;0.00
ip-10-234-134-85.us-west-1.compute.internal;60;1441167225;xvda;0.50;0.00;14.20;28.40;0.00;0.83;0.17;0.01
ip-10-234-134-85.us-west-1.compute.internal;60;1441167225;xvdb;1322.17;23982.67;2.13;18.14;0.32;0.24;0.17;22.24
ip-10-234-134-85.us-west-1.compute.internal;60;1441167225;xvdc;1339.33;24329.73;1.73;18.17;0.31;0.24;0.17;22.38
ip-10-234-134-85.us-west-1.compute.internal;60;1441167225;xvdd;1326.57;24028.67;11.33;18.12;0.32;0.24;0.17;22.24
ip-10-234-134-85.us-west-1.compute.internal;60;1441167225;xvde;1324.52;24002.13;1.87;18.12;0.31;0.24;0.17;22.09
ip-10-234-134-85.us-west-1.compute.internal;60;1441167225;md0;5311.82;96343.20;17.07;18.14;0.00;0.00;0.00;0.00
ip-10-234-134-85.us-west-1.compute.internal;60;1441167285;xvda;3.00;196.13;14.78;70.31;0.00;0.94;0.59;0.18
ip-10-234-134-85.us-west-1.compute.internal;60;1441167285;xvdb;1387.60;23630.53;0.53;17.03;0.30;0.21;0.17;23.95
ip-10-234-134-85.us-west-1.compute.internal;60;1441167285;xvdc;1372.73;23397.87;0.53;17.05;0.30;0.22;0.17;23.84
ip-10-234-134-85.us-west-1.compute.internal;60;1441167285;xvdd;1381.45;23481.07;4.40;17.00;0.30;0.22;0.17;24.17
ip-10-234-134-85.us-west-1.compute.internal;60;1441167285;xvde;1382.08;23468.00;2.40;16.98;0.30;0.21;0.17;23.85
ip-10-234-134-85.us-west-1.compute.internal;60;1441167285;md0;5523.80;93977.47;7.87;17.01;0.00;0.00;0.00;0.00
ip-10-234-134-85.us-west-1.compute.internal;60;1441167345;xvda;0.60;0.00;15.02;25.03;0.00;0.86;0.22;0.01
ip-10-234-134-85.us-west-1.compute.internal;60;1441167345;xvdb;1327.73;23794.53;0.00;17.92;0.32;0.24;0.17;22.40
ip-10-234-134-85.us-west-1.compute.internal;60;1441167345;xvdc;1326.58;23848.13;0.00;17.98;0.33;0.25;0.17;22.59
ip-10-234-134-85.us-west-1.compute.internal;60;1441167345;xvdd;1332.93;24035.33;0.67;18.03;0.32;0.24;0.17;22.58
ip-10-234-134-85.us-west-1.compute.internal;60;1441167345;xvde;1336.20;24041.20;5.33;18.00;0.32;0.24;0.17;22.50
ip-10-234-134-85.us-west-1.compute.internal;60;1441167345;md0;5323.67;95719.20;6.00;17.98;0.00;0.00;0.00;0.00
ip-10-234-134-85.us-west-1.compute.internal;60;1441167405;xvda;0.57;0.00;15.15;26.74;0.00;0.88;0.18;0.01
ip-10-234-134-85.us-west-1.compute.internal;60;1441167405;xvdb;970.65;15676.27;0.00;16.15;0.20;0.21;0.20;19.28
ip-10-234-134-85.us-west-1.compute.internal;60;1441167405;xvdc;977.28;15753.07;0.00;16.12;0.20;0.21;0.20;19.43
ip-10-234-134-85.us-west-1.compute.internal;60;1441167405;xvdd;969.22;15638.13;0.67;16.14;0.20;0.21;0.20;19.57
ip-10-234-134-85.us-west-1.compute.internal;60;1441167405;xvde;979.83;15780.93;5.33;16.11;0.20;0.21;0.20;19.57
ip-10-234-134-85.us-west-1.compute.internal;60;1441167405;md0;3896.65;62848.13;6.00;16.13;0.00;0.00;0.00;0.00
ip-10-234-134-85.us-west-1.compute.internal;60;1441167465;xvda;0.68;0.00;15.22;22.27;0.00;0.90;0.17;0.01
ip-10-234-134-85.us-west-1.compute.internal;60;1441167465;xvdb;391.50;6623.60;1.07;16.92;0.08;0.20;0.18;7.01
ip-10-234-134-85.us-west-1.compute.internal;60;1441167465;xvdc;385.15;6530.93;0.00;16.96;0.08;0.21;0.18;7.05
ip-10-234-134-85.us-west-1.compute.internal;60;1441167465;xvdd;385.62;6532.53;0.67;16.94;0.08;0.20;0.18;6.96
ip-10-234-134-85.us-west-1.compute.internal;60;1441167465;xvde;377.65;6408.27;4.27;16.98;0.08;0.20;0.18;6.81
ip-10-234-134-85.us-west-1.compute.internal;60;1441167465;md0;1539.80;26095.60;6.00;16.95;0.00;0.00;0.00;0.00
ip-10-234-134-85.us-west-1.compute.internal;60;1441167525;xvda;0.72;8.67;13.88;31.47;0.00;0.84;0.26;0.02
ip-10-234-134-85.us-west-1.compute.internal;60;1441167525;xvdb;326.30;6646.53;8.80;20.40;0.13;0.39;0.14;4.41
ip-10-234-134-85.us-west-1.compute.internal;60;1441167525;xvdc;322.70;6552.27;0.67;20.31;0.12;0.37;0.14;4.39
ip-10-234-134-85.us-west-1.compute.internal;60;1441167525;xvdd;323.57;6597.20;3.33;20.40;0.12;0.38;0.14;4.45
ip-10-234-134-85.us-west-1.compute.internal;60;1441167525;xvde;324.42;6589.87;0.53;20.31;0.12;0.38;0.14;4.43
ip-10-234-134-85.us-west-1.compute.internal;60;1441167525;md0;1296.67;26385.60;13.33;20.36;0.00;0.00;0.00;0.00
ip-10-234-134-85.us-west-1.compute.internal;60;1441167585;xvda;0.67;0.00;15.43;23.15;0.00;0.80;0.15;0.01
ip-10-234-134-85.us-west-1.compute.internal;60;1441167585;xvdb;378.28;8509.87;5.87;22.51;0.19;0.49;0.07;2.48
ip-10-234-134-85.us-west-1.compute.internal;60;1441167585;xvdc;378.15;8559.73;0.53;22.64;0.19;0.50;0.06;2.44
ip-10-234-134-85.us-west-1.compute.internal;60;1441167585;xvdd;376.85;8538.40;0.93;22.66;0.17;0.46;0.06;2.35
ip-10-234-134-85.us-west-1.compute.internal;60;1441167585;xvde;373.85;8426.67;0.27;22.54;0.18;0.49;0.06;2.42
ip-10-234-134-85.us-west-1.compute.internal;60;1441167585;md0;1508.00;34034.67;7.60;22.57;0.00;0.00;0.00;0.00
ip-10-234-134-85.us-west-1.compute.internal;60;1441167645;xvda;0.82;2.40;15.75;22.22;0.00;0.63;0.18;0.01
ip-10-234-134-85.us-west-1.compute.internal;60;1441167645;xvdb;137.62;2604.27;2.13;18.94;0.04;0.32;0.13;1.77
ip-10-234-134-85.us-west-1.compute.internal;60;1441167645;xvdc;137.28;2589.20;3.20;18.88;0.04;0.30;0.12;1.68
ip-10-234-134-85.us-west-1.compute.internal;60;1441167645;xvdd;137.12;2589.47;0.67;18.89;0.04;0.29;0.12;1.65
ip-10-234-134-85.us-west-1.compute.internal;60;1441167645;xvde;138.78;2598.00;0.00;18.72;0.04;0.30;0.11;1.56
ip-10-234-134-85.us-west-1.compute.internal;60;1441167645;md0;550.48;10380.93;6.00;18.87;0.00;0.00;0.00;0.00
ip-10-234-134-85.us-west-1.compute.internal;60;1441167705;xvda;0.55;0.00;14.95;27.18;0.00;0.79;0.15;0.01
ip-10-234-134-85.us-west-1.compute.internal;60;1441167705;xvdb;123.82;2333.20;0.00;18.84;0.04;0.30;0.13;1.62
ip-10-234-134-85.us-west-1.compute.internal;60;1441167705;xvdc;126.38;2362.80;5.33;18.74;0.04;0.29;0.13;1.59
ip-10-234-134-85.us-west-1.compute.internal;60;1441167705;xvdd;124.85;2336.40;0.67;18.72;0.04;0.28;0.13;1.58
ip-10-234-134-85.us-west-1.compute.internal;60;1441167705;xvde;123.73;2304.00;0.00;18.62;0.04;0.30;0.13;1.63
ip-10-234-134-85.us-west-1.compute.internal;60;1441167705;md0;498.48;9336.40;6.00;18.74;0.00;0.00;0.00;0.00
ip-10-234-134-85.us-west-1.compute.internal;60;1441167765;xvda;0.67;0.00;14.77;22.15;0.00;0.80;0.15;0.01
ip-10-234-134-85.us-west-1.compute.internal;60;1441167765;xvdb;213.62;4405.87;0.00;20.63;0.08;0.40;0.08;1.81
ip-10-234-134-85.us-west-1.compute.internal;60;1441167765;xvdc;213.77;4422.40;5.33;20.71;0.08;0.36;0.08;1.75
ip-10-234-134-85.us-west-1.compute.internal;60;1441167765;xvdd;214.87;4460.80;0.67;20.76;0.08;0.37;0.08;1.75
ip-10-234-134-85.us-west-1.compute.internal;60;1441167765;xvde;217.45;4461.73;0.00;20.52;0.08;0.38;0.09;1.86
ip-10-234-134-85.us-west-1.compute.internal;60;1441167765;md0;859.77;17750.80;6.00;20.65;0.00;0.00;0.00;0.00
ip-10-234-134-85.us-west-1.compute.internal;60;1441167825;xvda;0.55;0.00;14.83;26.97;0.00;0.76;0.21;0.01
ip-10-234-134-85.us-west-1.compute.internal;60;1441167825;xvdb;202.62;4156.13;0.00;20.51;0.08;0.39;0.08;1.72
ip-10-234-134-85.us-west-1.compute.internal;60;1441167825;xvdc;207.78;4276.93;3.20;20.60;0.08;0.38;0.08;1.73
ip-10-234-134-85.us-west-1.compute.internal;60;1441167825;xvdd;203.45;4193.87;2.80;20.63;0.07;0.37;0.09;1.76
ip-10-234-134-85.us-west-1.compute.internal;60;1441167825;xvde;205.48;4206.27;0.00;20.47;0.08;0.39;0.09;1.77
ip-10-234-134-85.us-west-1.compute.internal;60;1441167825;md0;819.28;16833.20;6.00;20.55;0.00;0.00;0.00;0.00
ip-10-234-134-85.us-west-1.compute.internal;60;1441167885;xvda;0.52;0.00;14.12;27.32;0.00;0.71;0.19;0.01
ip-10-234-134-85.us-west-1.compute.internal;60;1441167885;xvdb;164.78;3325.60;0.00;20.18;0.06;0.37;0.09;1.50
ip-10-234-134-85.us-west-1.compute.internal;60;1441167885;xvdc;161.22;3270.13;0.00;20.28;0.06;0.34;0.09;1.40
ip-10-234-134-85.us-west-1.compute.internal;60;1441167885;xvdd;161.03;3233.20;6.00;20.12;0.06;0.35;0.09;1.48
ip-10-234-134-85.us-west-1.compute.internal;60;1441167885;xvde;164.75;3352.13;0.00;20.35;0.06;0.36;0.09;1.45
ip-10-234-134-85.us-west-1.compute.internal;60;1441167885;md0;651.50;13181.07;6.00;20.24;0.00;0.00;0.00;0.00
ip-10-234-134-85.us-west-1.compute.internal;60;1441167945;xvda;0.47;0.00;13.43;28.79;0.00;0.68;0.18;0.01
ip-10-234-134-85.us-west-1.compute.internal;60;1441167945;xvdb;229.62;4606.00;0.00;20.06;0.09;0.39;0.08;1.79
ip-10-234-134-85.us-west-1.compute.internal;60;1441167945;xvdc;231.28;4637.20;0.00;20.05;0.09;0.40;0.08;1.85
ip-10-234-134-85.us-west-1.compute.internal;60;1441167945;xvdd;225.28;4507.20;6.00;20.03;0.09;0.39;0.08;1.80
ip-10-234-134-85.us-west-1.compute.internal;60;1441167945;xvde;224.60;4496.27;0.00;20.02;0.09;0.40;0.08;1.71
ip-10-234-134-85.us-west-1.compute.internal;60;1441167945;md0;910.83;18246.67;6.00;20.04;0.00;0.00;0.00;0.00
ip-10-234-134-85.us-west-1.compute.internal;60;1441168005;xvda;0.52;0.00;13.70;26.52;0.00;0.68;0.16;0.01
ip-10-234-134-85.us-west-1.compute.internal;60;1441168005;xvdb;289.65;5786.80;0.00;19.98;0.12;0.41;0.08;2.32
ip-10-234-134-85.us-west-1.compute.internal;60;1441168005;xvdc;288.28;5757.07;0.00;19.97;0.11;0.38;0.08;2.25
ip-10-234-134-85.us-west-1.compute.internal;60;1441168005;xvdd;286.17;5720.00;4.93;20.01;0.11;0.37;0.08;2.19
ip-10-234-134-85.us-west-1.compute.internal;60;1441168005;xvde;291.73;5804.13;1.07;19.90;0.12;0.40;0.08;2.27
ip-10-234-134-85.us-west-1.compute.internal;60;1441168005;md0;1155.88;23068.00;6.00;19.96;0.00;0.00;0.00;0.00
ip-10-234-134-85.us-west-1.compute.internal;60;1441168065;xvda;0.72;0.00;15.53;21.67;0.00;0.72;0.14;0.01
ip-10-234-134-85.us-west-1.compute.internal;60;1441168065;xvdb;264.10;5212.67;0.00;19.74;0.10;0.37;0.08;2.13
ip-10-234-134-85.us-west-1.compute.internal;60;1441168065;xvdc;267.53;5289.47;0.00;19.77;0.10;0.37;0.08;2.17
ip-10-234-134-85.us-west-1.compute.internal;60;1441168065;xvdd;269.33;5326.80;0.67;19.78;0.10;0.36;0.08;2.10
ip-10-234-134-85.us-west-1.compute.internal;60;1441168065;xvde;269.65;5321.07;5.33;19.75;0.10;0.38;0.08;2.13
ip-10-234-134-85.us-west-1.compute.internal;60;1441168065;md0;1070.78;21150.00;6.00;19.76;0.00;0.00;0.00;0.00
ip-10-234-134-85.us-west-1.compute.internal;60;1441168125;xvda;0.48;0.00;14.37;29.72;0.00;0.62;0.17;0.01
ip-10-234-134-85.us-west-1.compute.internal;60;1441168125;xvdb;260.08;5112.40;0.00;19.66;0.10;0.39;0.08;2.16
ip-10-234-134-85.us-west-1.compute.internal;60;1441168125;xvdc;261.62;5131.87;0.00;19.62;0.11;0.41;0.09;2.34
ip-10-234-134-85.us-west-1.compute.internal;60;1441168125;xvdd;258.28;5083.33;0.67;19.68;0.10;0.38;0.09;2.27
ip-10-234-134-85.us-west-1.compute.internal;60;1441168125;xvde;261.45;5151.33;5.33;19.72;0.10;0.39;0.09;2.23
ip-10-234-134-85.us-west-1.compute.internal;60;1441168125;md0;1041.45;20478.93;6.00;19.67;0.00;0.00;0.00;0.00
ip-10-234-134-85.us-west-1.compute.internal;60;1441168185;xvda;0.45;0.00;12.92;28.70;0.00;0.67;0.19;0.01
ip-10-234-134-85.us-west-1.compute.internal;60;1441168185;xvdb;250.23;4878.27;0.00;19.49;0.09;0.36;0.08;2.06
ip-10-234-134-85.us-west-1.compute.internal;60;1441168185;xvdc;247.78;4862.00;0.00;19.62;0.09;0.37;0.08;2.06
ip-10-234-134-85.us-west-1.compute.internal;60;1441168185;xvdd;251.17;4908.40;0.67;19.55;0.09;0.36;0.09;2.16
ip-10-234-134-85.us-west-1.compute.internal;60;1441168185;xvde;247.50;4842.27;5.33;19.59;0.09;0.36;0.08;2.03
ip-10-234-134-85.us-west-1.compute.internal;60;1441168185;md0;996.80;19490.93;6.00;19.56;0.00;0.00;0.00;0.00
ip-10-234-134-85.us-west-1.compute.internal;60;1441168245;xvda;0.53;0.00;14.40;27.00;0.00;0.75;0.22;0.01
ip-10-234-134-85.us-west-1.compute.internal;60;1441168245;xvdb;175.13;3542.67;5.33;20.26;0.07;0.38;0.09;1.60
ip-10-234-134-85.us-west-1.compute.internal;60;1441168245;xvdc;171.75;3480.53;0.00;20.27;0.06;0.36;0.09;1.49
ip-10-234-134-85.us-west-1.compute.internal;60;1441168245;xvdd;173.78;3519.87;0.67;20.26;0.06;0.35;0.09;1.52
ip-10-234-134-85.us-west-1.compute.internal;60;1441168245;xvde;176.37;3623.87;0.00;20.55;0.07;0.38;0.09;1.61
ip-10-234-134-85.us-west-1.compute.internal;60;1441168245;md0;696.87;14166.93;6.00;20.34;0.00;0.00;0.00;0.00
ip-10-234-134-85.us-west-1.compute.internal;60;1441168305;xvda;1.10;0.00;19.10;17.36;0.00;1.45;0.15;0.02
ip-10-234-134-85.us-west-1.compute.internal;60;1441168305;xvdb;292.15;6626.00;5.33;22.70;0.13;0.45;0.07;2.13
ip-10-234-134-85.us-west-1.compute.internal;60;1441168305;xvdc;292.12;6600.27;0.00;22.59;0.13;0.44;0.07;2.09
ip-10-234-134-85.us-west-1.compute.internal;60;1441168305;xvdd;299.52;6823.87;0.67;22.79;0.13;0.42;0.07;2.03
ip-10-234-134-85.us-west-1.compute.internal;60;1441168305;xvde;296.82;6694.00;0.00;22.55;0.14;0.47;0.07;2.13
ip-10-234-134-85.us-west-1.compute.internal;60;1441168305;md0;1180.97;26744.13;6.00;22.65;0.00;0.00;0.00;0.00
ip-10-234-134-85.us-west-1.compute.internal;60;1441168365;xvda;0.63;0.00;14.92;23.55;0.00;0.74;0.16;0.01
ip-10-234-134-85.us-west-1.compute.internal;60;1441168365;xvdb;432.93;10249.07;5.33;23.69;0.23;0.53;0.06;2.69
ip-10-234-134-85.us-west-1.compute.internal;60;1441168365;xvdc;428.88;10189.60;0.00;23.76;0.22;0.51;0.06;2.65
ip-10-234-134-85.us-west-1.compute.internal;60;1441168365;xvdd;425.97;10144.13;0.67;23.82;0.21;0.50;0.06;2.55
ip-10-234-134-85.us-west-1.compute.internal;60;1441168365;xvde;427.37;10110.40;0.00;23.66;0.22;0.53;0.06;2.66
ip-10-234-134-85.us-west-1.compute.internal;60;1441168365;md0;1716.35;40693.20;6.00;23.71;0.00;0.00;0.00;0.00
ip-10-234-134-85.us-west-1.compute.internal;60;1441168425;xvda;0.45;0.00;12.98;28.85;0.00;0.70;0.22;0.01
ip-10-234-134-85.us-west-1.compute.internal;60;1441168425;xvdb;462.95;11080.13;1.07;23.94;0.26;0.56;0.06;2.83
ip-10-234-134-85.us-west-1.compute.internal;60;1441168425;xvdc;466.97;11208.53;4.27;24.01;0.26;0.55;0.06;2.84
ip-10-234-134-85.us-west-1.compute.internal;60;1441168425;xvdd;464.65;11133.07;0.67;23.96;0.24;0.53;0.06;2.74
ip-10-234-134-85.us-west-1.compute.internal;60;1441168425;xvde;461.67;11070.53;0.00;23.98;0.26;0.56;0.06;2.83
ip-10-234-134-85.us-west-1.compute.internal;60;1441168425;md0;1857.53;44492.27;6.00;23.96;0.00;0.00;0.00;0.00
ip-10-234-134-85.us-west-1.compute.internal;60;1441168485;xvda;0.43;0.00;12.22;28.19;0.00;0.81;0.23;0.01
ip-10-234-134-85.us-west-1.compute.internal;60;1441168485;xvdb;235.58;5333.87;0.00;22.64;0.11;0.48;0.10;2.29
ip-10-234-134-85.us-west-1.compute.internal;60;1441168485;xvdc;237.25;5309.47;5.33;22.40;0.12;0.51;0.10;2.40
ip-10-234-134-85.us-west-1.compute.internal;60;1441168485;xvdd;236.73;5302.93;0.67;22.40;0.11;0.45;0.09;2.19
ip-10-234-134-85.us-west-1.compute.internal;60;1441168485;xvde;237.10;5293.07;0.00;22.32;0.11;0.47;0.09;2.25
ip-10-234-134-85.us-west-1.compute.internal;60;1441168485;md0;947.07;21239.60;6.00;22.43;0.00;0.00;0.00;0.00
ip-10-234-134-85.us-west-1.compute.internal;60;1441168545;xvda;0.43;0.00;12.45;28.73;0.00;0.62;0.15;0.01
ip-10-234-134-85.us-west-1.compute.internal;60;1441168545;xvdb;122.50;2169.20;0.00;17.71;0.03;0.27;0.17;2.02
ip-10-234-134-85.us-west-1.compute.internal;60;1441168545;xvdc;123.50;2191.60;5.33;17.79;0.03;0.25;0.16;1.94
ip-10-234-134-85.us-west-1.compute.internal;60;1441168545;xvdd;121.93;2153.20;0.67;17.66;0.03;0.26;0.17;2.05
ip-10-234-134-85.us-west-1.compute.internal;60;1441168545;xvde;120.85;2142.93;0.00;17.73;0.03;0.26;0.16;1.97
ip-10-234-134-85.us-west-1.compute.internal;60;1441168545;md0;488.45;8656.67;6.00;17.74;0.00;0.00;0.00;0.00
ip-10-234-134-85.us-west-1.compute.internal;60;1441168605;xvda;0.47;0.00;12.80;27.43;0.00;0.82;0.18;0.01
ip-10-234-134-85.us-west-1.compute.internal;60;1441168605;xvdb;123.02;2182.00;0.00;17.74;0.04;0.31;0.13;1.58
ip-10-234-134-85.us-west-1.compute.internal;60;1441168605;xvdc;123.00;2160.13;2.13;17.58;0.03;0.28;0.12;1.53
ip-10-234-134-85.us-west-1.compute.internal;60;1441168605;xvdd;120.55;2119.07;3.87;17.61;0.03;0.28;0.13;1.54
ip-10-234-134-85.us-west-1.compute.internal;60;1441168605;xvde;122.03;2141.07;0.00;17.54;0.04;0.30;0.13;1.58
ip-10-234-134-85.us-west-1.compute.internal;60;1441168605;md0;488.35;8602.27;6.00;17.63;0.00;0.00;0.00;0.00
ip-10-234-134-85.us-west-1.compute.internal;60;1441168665;xvda;5.05;285.33;14.25;59.32;0.00;0.86;0.47;0.24
ip-10-234-134-85.us-west-1.compute.internal;60;1441168665;xvdb;128.08;2244.80;0.00;17.53;0.05;0.40;0.07;0.86
ip-10-234-134-85.us-west-1.compute.internal;60;1441168665;xvdc;124.43;2179.87;0.00;17.52;0.05;0.41;0.07;0.88
ip-10-234-134-85.us-west-1.compute.internal;60;1441168665;xvdd;123.62;2165.87;6.00;17.57;0.05;0.38;0.07;0.82
ip-10-234-134-85.us-west-1.compute.internal;60;1441168665;xvde;126.03;2211.87;0.00;17.55;0.05;0.39;0.07;0.84
ip-10-234-134-85.us-west-1.compute.internal;60;1441168665;md0;502.12;8802.40;6.00;17.54;0.00;0.00;0.00;0.00
ip-10-234-134-85.us-west-1.compute.internal;60;1441168725;xvda;0.52;4.27;12.85;33.13;0.00;0.68;0.19;0.01
ip-10-234-134-85.us-west-1.compute.internal;60;1441168725;xvdb;182.52;3561.87;0.00;19.52;0.08;0.46;0.06;1.06
ip-10-234-134-85.us-west-1.compute.internal;60;1441168725;xvdc;180.22;3516.93;0.00;19.52;0.08;0.43;0.06;1.06
ip-10-234-134-85.us-west-1.compute.internal;60;1441168725;xvdd;179.75;3501.73;6.00;19.51;0.08;0.43;0.06;1.04
ip-10-234-134-85.us-west-1.compute.internal;60;1441168725;xvde;185.27;3631.73;0.00;19.60;0.08;0.44;0.06;1.07
ip-10-234-134-85.us-west-1.compute.internal;60;1441168725;md0;728.05;14212.27;6.00;19.53;0.00;0.00;0.00;0.00
ip-10-234-134-85.us-west-1.compute.internal;60;1441168785;xvda;0.50;0.13;13.40;27.07;0.00;0.77;0.23;0.01
ip-10-234-134-85.us-west-1.compute.internal;60;1441168785;xvdb;144.27;16600.13;0.00;115.07;0.11;0.75;0.22;3.16
ip-10-234-134-85.us-west-1.compute.internal;60;1441168785;xvdc;145.15;16620.53;0.00;114.51;0.10;0.70;0.21;2.99
ip-10-234-134-85.us-west-1.compute.internal;60;1441168785;xvdd;155.07;16668.00;4.40;107.52;0.11;0.69;0.19;3.00
ip-10-234-134-85.us-west-1.compute.internal;60;1441168785;xvde;152.30;16631.87;2.13;109.22;0.11;0.73;0.21;3.21
ip-10-234-134-85.us-west-1.compute.internal;60;1441168785;md0;596.58;66520.53;6.53;111.51;0.00;0.00;0.00;0.00
ip-10-234-134-85.us-west-1.compute.internal;60;1441168845;xvda;1.35;34.27;14.83;36.37;0.00;0.81;0.26;0.04
ip-10-234-134-85.us-west-1.compute.internal;60;1441168845;xvdb;2436.38;48494.67;0.00;19.90;0.25;0.10;0.09;21.86
ip-10-234-134-85.us-west-1.compute.internal;60;1441168845;xvdc;2439.73;48543.20;0.00;19.90;0.25;0.10;0.09;21.92
ip-10-234-134-85.us-west-1.compute.internal;60;1441168845;xvdd;2438.87;48502.13;0.93;19.89;0.25;0.10;0.09;21.97
ip-10-234-134-85.us-west-1.compute.internal;60;1441168845;xvde;2444.80;48478.40;5.33;19.83;0.26;0.11;0.09;21.95
ip-10-234-134-85.us-west-1.compute.internal;60;1441168845;md0;9759.47;194018.67;6.27;19.88;0.00;0.00;0.00;0.00
ip-10-234-134-85.us-west-1.compute.internal;60;1441168905;xvda;0.80;1.73;14.57;20.38;0.00;1.06;0.23;0.02
ip-10-234-134-85.us-west-1.compute.internal;60;1441168905;xvdb;2218.48;35460.80;0.00;15.98;0.23;0.10;0.10;22.84
ip-10-234-134-85.us-west-1.compute.internal;60;1441168905;xvdc;2223.80;35546.53;0.00;15.98;0.23;0.10;0.10;22.85
ip-10-234-134-85.us-west-1.compute.internal;60;1441168905;xvdd;2219.07;35472.53;0.67;15.99;0.23;0.10;0.10;23.03
ip-10-234-134-85.us-west-1.compute.internal;60;1441168905;xvde;2225.28;35567.60;5.33;15.99;0.23;0.10;0.10;22.97
ip-10-234-134-85.us-west-1.compute.internal;60;1441168905;md0;8886.30;142047.47;6.00;15.99;0.00;0.00;0.00;0.00
ip-10-234-134-85.us-west-1.compute.internal;60;1441168965;xvda;0.67;0.00;14.40;21.60;0.00;0.90;0.15;0.01
ip-10-234-134-85.us-west-1.compute.internal;60;1441168965;xvdb;2673.98;58074.53;1.60;21.72;0.91;0.34;0.08;22.32
ip-10-234-134-85.us-west-1.compute.internal;60;1441168965;xvdc;2673.13;58119.20;0.00;21.74;0.91;0.34;0.08;22.43
ip-10-234-134-85.us-west-1.compute.internal;60;1441168965;xvdd;2673.70;58082.00;0.67;21.72;0.91;0.34;0.08;22.55
ip-10-234-134-85.us-west-1.compute.internal;60;1441168965;xvde;2673.80;57977.87;4.27;21.69;0.91;0.34;0.08;22.49
ip-10-234-134-85.us-west-1.compute.internal;60;1441168965;md0;10699.45;232263.20;6.53;21.71;0.00;0.00;0.00;0.00
ip-10-234-134-85.us-west-1.compute.internal;60;1441169025;xvda;0.45;0.00;12.60;28.00;0.00;0.74;0.22;0.01
ip-10-234-134-85.us-west-1.compute.internal;60;1441169025;xvdb;4002.57;114108.40;69.07;28.53;2.27;0.57;0.06;25.62
ip-10-234-134-85.us-west-1.compute.internal;60;1441169025;xvdc;4001.95;114189.07;61.73;28.55;2.35;0.59;0.06;25.99
ip-10-234-134-85.us-west-1.compute.internal;60;1441169025;xvdd;4008.13;114106.40;93.37;28.49;2.30;0.57;0.06;25.70
ip-10-234-134-85.us-west-1.compute.internal;60;1441169025;xvde;4004.00;114308.53;89.87;28.57;2.27;0.57;0.06;25.42
ip-10-234-134-85.us-west-1.compute.internal;60;1441169025;md0;16034.63;456709.20;314.03;28.50;0.00;0.00;0.00;0.00
ip-10-234-134-85.us-west-1.compute.internal;60;1441169085;xvda;0.47;0.00;12.75;27.32;0.00;0.79;0.14;0.01
ip-10-234-134-85.us-west-1.compute.internal;60;1441169085;xvdb;3579.90;118167.07;5.33;33.01;2.18;0.61;0.07;25.49
ip-10-234-134-85.us-west-1.compute.internal;60;1441169085;xvdc;3578.77;117767.07;0.00;32.91;2.23;0.62;0.07;25.74
ip-10-234-134-85.us-west-1.compute.internal;60;1441169085;xvdd;3569.45;117582.40;0.67;32.94;2.21;0.62;0.07;25.74
ip-10-234-134-85.us-west-1.compute.internal;60;1441169085;xvde;3584.20;118016.93;0.00;32.93;2.19;0.61;0.07;25.52
ip-10-234-134-85.us-west-1.compute.internal;60;1441169085;md0;14335.32;471526.80;6.00;32.89;0.00;0.00;0.00;0.00
ip-10-234-134-85.us-west-1.compute.internal;60;1441169145;xvda;1.77;37.73;14.38;29.50;0.00;0.73;0.24;0.04
ip-10-234-134-85.us-west-1.compute.internal;60;1441169145;xvdb;1220.62;65705.73;3.20;53.83;0.50;0.41;0.19;23.69
ip-10-234-134-85.us-west-1.compute.internal;60;1441169145;xvdc;1209.63;65780.13;2.13;54.38;0.50;0.41;0.19;23.44
ip-10-234-134-85.us-west-1.compute.internal;60;1441169145;xvdd;1222.10;65825.07;2.00;53.86;0.50;0.41;0.19;23.34
ip-10-234-134-85.us-west-1.compute.internal;60;1441169145;xvde;1221.45;65703.33;0.00;53.79;0.50;0.41;0.19;23.68
ip-10-234-134-85.us-west-1.compute.internal;60;1441169145;md0;4874.20;263014.53;7.33;53.96;0.00;0.00;0.00;0.00
ip-10-234-134-85.us-west-1.compute.internal;60;1441169205;xvda;0.63;0.00;15.35;24.24;0.00;0.92;0.16;0.01
ip-10-234-134-85.us-west-1.compute.internal;60;1441169205;xvdb;2657.28;66588.93;0.00;25.06;0.39;0.15;0.10;26.64
ip-10-234-134-85.us-west-1.compute.internal;60;1441169205;xvdc;2650.03;66604.00;5.33;25.14;0.38;0.14;0.10;26.36
ip-10-234-134-85.us-west-1.compute.internal;60;1441169205;xvdd;2660.87;66636.40;0.93;25.04;0.37;0.14;0.10;26.13
ip-10-234-134-85.us-west-1.compute.internal;60;1441169205;xvde;2653.87;66563.07;0.00;25.08;0.38;0.14;0.10;26.32
ip-10-234-134-85.us-west-1.compute.internal;60;1441169205;md0;10621.72;266392.40;6.27;25.08;0.00;0.00;0.00;0.00
ip-10-234-134-85.us-west-1.compute.internal;60;1441169265;xvda;0.72;0.00;15.88;22.16;0.00;1.05;0.19;0.01
ip-10-234-134-85.us-west-1.compute.internal;60;1441169265;xvdb;2352.58;64209.47;16.80;27.30;0.40;0.17;0.11;25.96
ip-10-234-134-85.us-west-1.compute.internal;60;1441169265;xvdc;2367.42;64406.13;18.93;27.21;0.40;0.17;0.11;26.01
ip-10-234-134-85.us-west-1.compute.internal;60;1441169265;xvdd;2344.97;64155.07;15.07;27.37;0.37;0.16;0.11;25.67
ip-10-234-134-85.us-west-1.compute.internal;60;1441169265;xvde;2353.42;64183.07;10.67;27.28;0.39;0.16;0.11;25.68
ip-10-234-134-85.us-west-1.compute.internal;60;1441169265;md0;9420.65;256953.73;61.47;27.28;0.00;0.00;0.00;0.00
ip-10-234-134-85.us-west-1.compute.internal;60;1441169325;xvda;3.65;109.07;12.72;33.37;0.00;0.82;0.38;0.14
ip-10-234-134-85.us-west-1.compute.internal;60;1441169325;xvdb;2520.42;63792.80;0.27;25.31;0.37;0.15;0.10;26.24
ip-10-234-134-85.us-west-1.compute.internal;60;1441169325;xvdc;2525.17;63787.87;4.40;25.26;0.37;0.15;0.10;26.32
ip-10-234-134-85.us-west-1.compute.internal;60;1441169325;xvdd;2532.68;63847.47;3.77;25.21;0.37;0.15;0.10;26.14
ip-10-234-134-85.us-west-1.compute.internal;60;1441169325;xvde;2531.15;63852.80;0.80;25.23;0.38;0.15;0.10;26.24
ip-10-234-134-85.us-west-1.compute.internal;60;1441169325;md0;10108.50;255280.93;9.23;25.25;0.00;0.00;0.00;0.00
ip-10-234-134-85.us-west-1.compute.internal;60;1441169385;xvda;0.80;6.27;14.73;26.25;0.00;0.83;0.23;0.02
ip-10-234-134-85.us-west-1.compute.internal;60;1441169385;xvdb;1726.17;55221.73;0.00;31.99;0.37;0.22;0.13;22.02
ip-10-234-134-85.us-west-1.compute.internal;60;1441169385;xvdc;1739.47;55299.87;0.00;31.79;0.37;0.21;0.13;21.99
ip-10-234-134-85.us-west-1.compute.internal;60;1441169385;xvdd;1745.93;55292.00;7.20;31.67;0.38;0.22;0.13;22.02
ip-10-234-134-85.us-west-1.compute.internal;60;1441169385;xvde;1746.00;55372.67;0.00;31.71;0.38;0.22;0.13;22.01
ip-10-234-134-85.us-west-1.compute.internal;60;1441169385;md0;6959.63;221186.00;7.20;31.78;0.00;0.00;0.00;0.00
ip-10-234-134-85.us-west-1.compute.internal;60;1441169445;xvda;1.22;36.13;16.02;42.86;0.00;0.79;0.37;0.04
ip-10-234-134-85.us-west-1.compute.internal;60;1441169445;xvdb;116.43;27596.80;0.00;237.02;0.16;1.35;0.42;4.84
ip-10-234-134-85.us-west-1.compute.internal;60;1441169445;xvdc;117.07;27559.47;0.00;235.42;0.15;1.31;0.40;4.73
ip-10-234-134-85.us-west-1.compute.internal;60;1441169445;xvdd;108.48;27563.73;6.93;254.15;0.14;1.34;0.43;4.66
ip-10-234-134-85.us-west-1.compute.internal;60;1441169445;xvde;116.35;27579.73;0.00;237.04;0.15;1.30;0.40;4.68
ip-10-234-134-85.us-west-1.compute.internal;60;1441169445;md0;458.00;110299.73;6.93;240.84;0.00;0.00;0.00;0.00
ip-10-234-134-85.us-west-1.compute.internal;60;1441169505;xvda;0.57;0.00;14.83;26.18;0.00;0.82;0.15;0.01
ip-10-234-134-85.us-west-1.compute.internal;60;1441169505;xvdb;4.93;1053.60;0.00;213.57;0.01;1.12;0.38;0.19
ip-10-234-134-85.us-west-1.compute.internal;60;1441169505;xvdc;5.88;1052.80;0.00;178.95;0.01;1.12;0.35;0.21
ip-10-234-134-85.us-west-1.compute.internal;60;1441169505;xvdd;4.75;1048.53;5.60;221.92;0.01;1.26;0.43;0.21
ip-10-234-134-85.us-west-1.compute.internal;60;1441169505;xvde;4.83;1051.73;1.07;217.82;0.01;1.21;0.40;0.19
ip-10-234-134-85.us-west-1.compute.internal;60;1441169505;md0;20.07;4206.67;6.67;209.97;0.00;0.00;0.00;0.00
ip-10-234-134-85.us-west-1.compute.internal;60;1441169565;xvda;0.80;1.73;14.75;20.60;0.00;0.94;0.15;0.01
ip-10-234-134-85.us-west-1.compute.internal;60;1441169565;xvdb;1513.32;24692.67;0.00;16.32;0.20;0.13;0.13;19.58
ip-10-234-134-85.us-west-1.compute.internal;60;1441169565;xvdc;1506.82;24569.73;0.00;16.31;0.20;0.14;0.13;19.66
ip-10-234-134-85.us-west-1.compute.internal;60;1441169565;xvdd;1510.72;24644.27;1.33;16.31;0.20;0.14;0.13;19.70
ip-10-234-134-85.us-west-1.compute.internal;60;1441169565;xvde;1508.28;24603.60;5.33;16.32;0.21;0.14;0.13;19.68
ip-10-234-134-85.us-west-1.compute.internal;60;1441169565;md0;6039.30;98510.53;6.67;16.31;0.00;0.00;0.00;0.00
ip-10-234-134-85.us-west-1.compute.internal;60;1441169625;xvda;0.40;0.00;11.88;29.71;0.00;0.88;0.21;0.01
ip-10-234-134-85.us-west-1.compute.internal;60;1441169625;xvdb;1859.02;29689.47;0.80;15.97;0.23;0.12;0.12;23.13
ip-10-234-134-85.us-west-1.compute.internal;60;1441169625;xvdc;1865.08;29786.53;0.13;15.97;0.23;0.12;0.12;23.14
ip-10-234-134-85.us-west-1.compute.internal;60;1441169625;xvdd;1860.72;29718.67;2.30;15.97;0.23;0.13;0.13;23.33
ip-10-234-134-85.us-west-1.compute.internal;60;1441169625;xvde;1858.32;29688.80;7.20;15.98;0.23;0.13;0.13;23.29
ip-10-234-134-85.us-west-1.compute.internal;60;1441169625;md0;7442.72;118883.47;10.43;15.97;0.00;0.00;0.00;0.00
ip-10-234-134-85.us-west-1.compute.internal;60;1441169685;xvda;0.42;0.00;12.55;30.12;0.00;0.76;0.16;0.01
ip-10-234-134-85.us-west-1.compute.internal;60;1441169685;xvdb;1793.42;28619.60;1.07;15.96;0.23;0.13;0.13;22.66
ip-10-234-134-85.us-west-1.compute.internal;60;1441169685;xvdc;1801.00;28732.93;0.00;15.95;0.23;0.13;0.13;22.76
ip-10-234-134-85.us-west-1.compute.internal;60;1441169685;xvdd;1799.05;28702.00;1.33;15.95;0.23;0.13;0.13;22.69
ip-10-234-134-85.us-west-1.compute.internal;60;1441169685;xvde;1788.15;28524.93;4.27;15.95;0.23;0.13;0.13;22.75
ip-10-234-134-85.us-west-1.compute.internal;60;1441169685;md0;7181.28;114579.47;6.67;15.96;0.00;0.00;0.00;0.00
ip-10-234-134-85.us-west-1.compute.internal;60;1441169745;xvda;0.42;0.00;12.82;30.76;0.00;0.80;0.20;0.01
ip-10-234-134-85.us-west-1.compute.internal;60;1441169745;xvdb;1892.57;30182.53;5.33;15.95;0.23;0.12;0.12;23.39
ip-10-234-134-85.us-west-1.compute.internal;60;1441169745;xvdc;1895.55;30229.20;0.00;15.95;0.23;0.12;0.12;23.04
ip-10-234-134-85.us-west-1.compute.internal;60;1441169745;xvdd;1904.75;30379.60;1.33;15.95;0.23;0.12;0.12;23.16
ip-10-234-134-85.us-west-1.compute.internal;60;1441169745;xvde;1899.00;30289.33;0.00;15.95;0.23;0.12;0.12;22.82
ip-10-234-134-85.us-west-1.compute.internal;60;1441169745;md0;7591.53;121080.67;6.67;15.95;0.00;0.00;0.00;0.00
ip-10-234-134-85.us-west-1.compute.internal;60;1441169805;xvda;0.53;0.00;13.07;24.50;0.00;0.94;0.25;0.01
ip-10-234-134-85.us-west-1.compute.internal;60;1441169805;xvdb;1735.12;27679.47;5.33;15.96;0.23;0.13;0.13;22.62
ip-10-234-134-85.us-west-1.compute.internal;60;1441169805;xvdc;1731.72;27623.07;0.00;15.95;0.23;0.13;0.13;22.58
ip-10-234-134-85.us-west-1.compute.internal;60;1441169805;xvdd;1729.18;27577.07;1.33;15.95;0.23;0.13;0.13;22.51
ip-10-234-134-85.us-west-1.compute.internal;60;1441169805;xvde;1721.75;27456.13;0.00;15.95;0.22;0.13;0.13;22.43
ip-10-234-134-85.us-west-1.compute.internal;60;1441169805;md0;6917.43;110335.73;6.67;15.95;0.00;0.00;0.00;0.00
ip-10-234-134-85.us-west-1.compute.internal;60;1441169865;xvda;1.07;26.13;14.35;37.95;0.00;1.09;0.23;0.03
ip-10-234-134-85.us-west-1.compute.internal;60;1441169865;xvdb;1512.53;24121.20;5.33;15.95;0.22;0.15;0.15;22.01
ip-10-234-134-85.us-west-1.compute.internal;60;1441169865;xvdc;1509.05;24070.67;0.00;15.95;0.22;0.14;0.14;21.82
ip-10-234-134-85.us-west-1.compute.internal;60;1441169865;xvdd;1506.98;24020.80;1.33;15.94;0.22;0.14;0.14;21.84
ip-10-234-134-85.us-west-1.compute.internal;60;1441169865;xvde;1512.32;24110.93;0.00;15.94;0.22;0.14;0.14;21.78
ip-10-234-134-85.us-west-1.compute.internal;60;1441169865;md0;6040.55;96323.60;6.67;15.95;0.00;0.00;0.00;0.00
ip-10-234-134-85.us-west-1.compute.internal;60;1441169925;xvda;0.40;0.00;12.95;32.38;0.00;0.83;0.17;0.01
ip-10-234-134-85.us-west-1.compute.internal;60;1441169925;xvdb;1690.13;27007.33;0.00;15.98;0.22;0.13;0.13;22.39
ip-10-234-134-85.us-west-1.compute.internal;60;1441169925;xvdc;1689.68;26999.20;5.33;15.98;0.23;0.13;0.13;22.68
ip-10-234-134-85.us-west-1.compute.internal;60;1441169925;xvdd;1685.80;26933.73;1.33;15.98;0.23;0.13;0.13;22.50
ip-10-234-134-85.us-west-1.compute.internal;60;1441169925;xvde;1685.35;26933.47;0.00;15.98;0.23;0.13;0.13;22.68
ip-10-234-134-85.us-west-1.compute.internal;60;1441169925;md0;6750.63;107873.73;6.67;15.98;0.00;0.00;0.00;0.00
ip-10-234-134-85.us-west-1.compute.internal;60;1441169985;xvda;0.42;0.00;12.18;29.24;0.00;0.76;0.16;0.01
ip-10-234-134-85.us-west-1.compute.internal;60;1441169985;xvdb;1646.27;26328.53;0.00;15.99;0.23;0.14;0.14;23.22
ip-10-234-134-85.us-west-1.compute.internal;60;1441169985;xvdc;1646.90;26336.93;5.33;16.00;0.23;0.14;0.14;22.99
ip-10-234-134-85.us-west-1.compute.internal;60;1441169985;xvdd;1647.77;26352.40;1.33;15.99;0.23;0.14;0.14;23.01
ip-10-234-134-85.us-west-1.compute.internal;60;1441169985;xvde;1655.03;26469.87;0.00;15.99;0.23;0.14;0.14;22.78
ip-10-234-134-85.us-west-1.compute.internal;60;1441169985;md0;6595.63;105487.73;6.67;15.99;0.00;0.00;0.00;0.00
ip-10-234-134-85.us-west-1.compute.internal;60;1441170045;xvda;1.32;28.67;14.58;32.85;0.00;0.76;0.39;0.05
ip-10-234-134-85.us-west-1.compute.internal;60;1441170045;xvdb;1416.23;24447.60;0.00;17.26;0.27;0.19;0.15;21.72
ip-10-234-134-85.us-west-1.compute.internal;60;1441170045;xvdc;1414.73;24469.47;5.33;17.30;0.27;0.19;0.16;21.94
ip-10-234-134-85.us-west-1.compute.internal;60;1441170045;xvdd;1416.35;24509.47;1.87;17.31;0.27;0.19;0.15;21.86
ip-10-234-134-85.us-west-1.compute.internal;60;1441170045;xvde;1408.82;24388.53;0.00;17.31;0.28;0.20;0.16;21.94
ip-10-234-134-85.us-west-1.compute.internal;60;1441170045;md0;5656.73;97815.07;7.20;17.29;0.00;0.00;0.00;0.00
ip-10-234-134-85.us-west-1.compute.internal;60;1441170105;xvda;1.13;22.53;15.83;33.85;0.00;0.88;0.35;0.04
ip-10-234-134-85.us-west-1.compute.internal;60;1441170105;xvdb;1181.20;34521.47;96.27;29.31;0.43;0.37;0.13;15.60
ip-10-234-134-85.us-west-1.compute.internal;60;1441170105;xvdc;1168.77;34241.33;134.93;29.41;0.43;0.37;0.13;15.67
ip-10-234-134-85.us-west-1.compute.internal;60;1441170105;xvdd;1163.95;34173.20;136.53;29.48;0.41;0.35;0.13;15.34
ip-10-234-134-85.us-west-1.compute.internal;60;1441170105;xvde;1183.93;34477.47;120.53;29.22;0.44;0.37;0.13;15.90
ip-10-234-134-85.us-west-1.compute.internal;60;1441170105;md0;4706.53;137413.20;488.27;29.30;0.00;0.00;0.00;0.00
ip-10-234-134-85.us-west-1.compute.internal;60;1441170165;xvda;0.77;0.00;16.37;21.35;0.00;1.02;0.11;0.01
ip-10-234-134-85.us-west-1.compute.internal;60;1441170165;xvdb;1490.98;41904.80;0.00;28.11;0.58;0.39;0.11;16.93
ip-10-234-134-85.us-west-1.compute.internal;60;1441170165;xvdc;1494.38;42012.40;0.00;28.11;0.58;0.39;0.11;16.94
ip-10-234-134-85.us-west-1.compute.internal;60;1441170165;xvdd;1498.00;41992.40;6.67;28.04;0.56;0.37;0.11;16.77
ip-10-234-134-85.us-west-1.compute.internal;60;1441170165;xvde;1501.02;41926.40;0.00;27.93;0.58;0.39;0.11;16.88
ip-10-234-134-85.us-west-1.compute.internal;60;1441170165;md0;5986.25;167836.27;6.67;28.04;0.00;0.00;0.00;0.00
ip-10-234-134-85.us-west-1.compute.internal;60;1441170225;xvda;2.63;82.53;12.85;36.22;0.00;0.96;0.27;0.07
ip-10-234-134-85.us-west-1.compute.internal;60;1441170225;xvdb;2604.25;67864.00;1024.27;26.45;1.26;0.48;0.08;19.63
ip-10-234-134-85.us-west-1.compute.internal;60;1441170225;xvdc;2606.32;67888.00;1024.13;26.44;1.28;0.49;0.08;19.84
ip-10-234-134-85.us-west-1.compute.internal;60;1441170225;xvdd;2609.75;67966.40;1026.83;26.44;1.26;0.48;0.08;19.74
ip-10-234-134-85.us-west-1.compute.internal;60;1441170225;xvde;2607.90;68032.80;1024.80;26.48;1.23;0.47;0.08;19.64
ip-10-234-134-85.us-west-1.compute.internal;60;1441170225;md0;10433.88;271750.93;4100.03;26.44;0.00;0.00;0.00;0.00
ip-10-234-134-85.us-west-1.compute.internal;60;1441170285;xvda;0.63;0.00;14.30;22.58;0.00;0.76;0.13;0.01
ip-10-234-134-85.us-west-1.compute.internal;60;1441170285;xvdb;47.32;750.53;69.10;17.32;0.01;0.25;0.23;1.08
ip-10-234-134-85.us-west-1.compute.internal;60;1441170285;xvdc;45.10;716.27;85.60;17.78;0.01;0.24;0.22;0.99
ip-10-234-134-85.us-west-1.compute.internal;60;1441170285;xvdd;46.05;729.73;78.13;17.54;0.01;0.26;0.24;1.08
ip-10-234-134-85.us-west-1.compute.internal;60;1441170285;xvde;47.23;750.53;64.53;17.26;0.01;0.23;0.22;1.02
ip-10-234-134-85.us-west-1.compute.internal;60;1441170285;md0;185.43;2947.07;297.37;17.50;0.00;0.00;0.00;0.00
ip-10-234-134-85.us-west-1.compute.internal;60;1441170345;xvda;0.58;0.00;14.12;24.20;0.00;0.86;0.17;0.01
ip-10-234-134-85.us-west-1.compute.internal;60;1441170345;xvdb;4.90;76.80;0.00;15.67;0.00;0.18;0.18;0.09
ip-10-234-134-85.us-west-1.compute.internal;60;1441170345;xvdc;4.90;76.53;0.00;15.62;0.00;0.32;0.32;0.15
ip-10-234-134-85.us-west-1.compute.internal;60;1441170345;xvdd;4.65;71.20;1.33;15.60;0.00;0.29;0.28;0.13
ip-10-234-134-85.us-west-1.compute.internal;60;1441170345;xvde;5.10;78.27;5.33;16.39;0.00;0.28;0.27;0.14
ip-10-234-134-85.us-west-1.compute.internal;60;1441170345;md0;19.22;302.80;6.67;16.10;0.00;0.00;0.00;0.00
ip-10-234-134-85.us-west-1.compute.internal;60;1441170405;xvda;3.60;204.00;14.23;60.62;0.00;0.81;0.52;0.19
ip-10-234-134-85.us-west-1.compute.internal;60;1441170405;xvdb;6.17;97.33;0.00;15.78;0.00;0.23;0.22;0.14
ip-10-234-134-85.us-west-1.compute.internal;60;1441170405;xvdc;5.18;81.60;0.00;15.74;0.00;0.25;0.25;0.13
ip-10-234-134-85.us-west-1.compute.internal;60;1441170405;xvdd;5.53;86.13;1.33;15.81;0.00;0.22;0.22;0.12
ip-10-234-134-85.us-west-1.compute.internal;60;1441170405;xvde;6.13;95.47;5.33;16.43;0.00;0.23;0.23;0.14
ip-10-234-134-85.us-west-1.compute.internal;60;1441170405;md0;22.68;360.53;6.67;16.19;0.00;0.00;0.00;0.00
